<config>
	<Common>
		<IsOnline>true</IsOnline>
		<IsLogOnly>true</IsLogOnly>
		<IsTTCN>false</IsTTCN>
		<PortNum>32122</PortNum>
		<ModulesCsvPath>DB\\InternalModulesLite.csv</ModulesCsvPath>         
		<ExeModule>
			<SDLTool>
				<config_file/>
			</SDLTool>
			<ExportLog>
				<config_file>ExportLog.ini</config_file>
			</ExportLog>
		</ExeModule>
		<CompilerOption>
			<CommChipset>
				<StructAlignment>0</StructAlignment>
				<EnumSize>0</EnumSize>
			</CommChipset>
			<AppChipset>
				<StructAlignment>0</StructAlignment>
				<EnumSize>2</EnumSize>
			</AppChipset>
		</CompilerOption>
	</Common>
	<Logger>
		<LogNameRule>1</LogNameRule>
		<MaxFilesizeInMB>200</MaxFilesizeInMB>
		<MinFreeDiskSpace>2500</MinFreeDiskSpace>
		<DiskFullOperation>0</DiskFullOperation>
		<ShowAliveDatabaseOnly>false</ShowAliveDatabaseOnly>
		<RemoveOldestWhenDiskFull>true</RemoveOldestWhenDiskFull>
		<UeAutoUpdateDir>/NVM/mdb/</UeAutoUpdateDir>
		<LogPath/>
		<NumOfHoursAgoForDelLog>168</NumOfHoursAgoForDelLog>
		<AutoRepaireLogFile>false</AutoRepaireLogFile>
	</Logger>
	<DevComm>
		<Device_0_Settings>
			<Enabled>0</Enabled>
			<ProtocolType>Diag</ProtocolType>
			<CommunicationType>USB</CommunicationType>
			<AutoDetect>1</AutoDetect>
			<USBName>Marvell DIAG USB Device</USBName>
			<USBRecognitionString/>
			<SavedUSBNames>Marvell DIAG USB Device,</SavedUSBNames>
			<COMName/>
			<COMNumber>0</COMNumber>
			<BaudRate>115200</BaudRate>
			<SavedCOMNames/>
			<IPAddress>127.0.0.1</IPAddress>
			<PortNumber>32122</PortNumber>
			<DriverName>MDiagUSB</DriverName>
			<DumpRecvData>0</DumpRecvData>
			<ReliableSerial>0</ReliableSerial>
			<SplitLineSerial>1</SplitLineSerial>
			<ADBSerialNum/>
		</Device_0_Settings>
		<Device_1_Settings>
			<Enabled>0</Enabled>
			<ProtocolType>RawData</ProtocolType>
			<CommunicationType>Serial</CommunicationType>
			<AutoDetect>0</AutoDetect>
			<USBName/>
			<USBRecognitionString/>
			<SavedUSBNames/>
			<COMName>Marvell Modem Device</COMName>
			<COMNumber>129</COMNumber>
			<BaudRate>115200</BaudRate>
			<SavedCOMNames/>
			<IPAddress>127.0.0.1</IPAddress>
			<PortNumber>32122</PortNumber>
			<DriverName>MUSBSer</DriverName>
			<DumpRecvData>0</DumpRecvData>
			<ReliableSerial>0</ReliableSerial>
			<SplitLineSerial>1</SplitLineSerial>
			<ADBSerialNum/>
		</Device_1_Settings>
		<Device_2_Settings>
			<Enabled>0</Enabled>
			<ProtocolType>AdbData</ProtocolType>
			<CommunicationType>USB</CommunicationType>
			<AutoDetect>1</AutoDetect>
			<USBName>Marvell ADB</USBName>
			<USBRecognitionString/>
			<SavedUSBNames>Marvell ADB,</SavedUSBNames>
			<COMName/>
			<COMNumber>0</COMNumber>
			<BaudRate>0</BaudRate>
			<SavedCOMNames/>
			<IPAddress/>
			<PortNumber>32122</PortNumber>
			<DriverName>WinUSB</DriverName>
			<DumpRecvData>0</DumpRecvData>
			<ReliableSerial>0</ReliableSerial>
			<SplitLineSerial>1</SplitLineSerial>
			<ADBSerialNum>0123456789ABCDEF</ADBSerialNum>
		</Device_2_Settings>
		<Device_3_Settings>
			<Enabled>0</Enabled>
			<ProtocolType>Diag</ProtocolType>
			<CommunicationType>USB</CommunicationType>
			<AutoDetect>0</AutoDetect>
			<USBName/>
			<USBRecognitionString/>
			<SavedUSBNames/>
			<COMName/>
			<COMNumber>0</COMNumber>
			<BaudRate>0</BaudRate>
			<SavedCOMNames/>
			<IPAddress/>
			<PortNumber>32122</PortNumber>
		</Device_3_Settings>
		<Device_4_Settings>
			<Enabled>0</Enabled>
			<ProtocolType>Diag</ProtocolType>
			<CommunicationType>USB</CommunicationType>
			<AutoDetect>0</AutoDetect>
			<USBName/>
			<USBRecognitionString/>
			<SavedUSBNames/>
			<COMName/>
			<COMNumber>0</COMNumber>
			<BaudRate>0</BaudRate>
			<SavedCOMNames/>
			<IPAddress/>
			<PortNumber>32122</PortNumber>
		</Device_4_Settings>
	</DevComm>
	<DevCommSettings>
		<USBDriverName>mdiagusb</USBDriverName>
		<SerialDriverName>USBSer</SerialDriverName>
	</DevCommSettings>
	<Workspace>
		<TabbedView>
		<Alignment>0</Alignment>
		<Group0>
			<Tab0 Name="Logger">false</Tab0>
			<Tab1 Name="Sulog">false</Tab1>
			<Tab2 Name="YModemDump">false</Tab2>
			<Tab3 Name="ExternLogger">false</Tab3>
		</Group0>
		</TabbedView>
		<DockablePane>false</DockablePane>
	</Workspace>
</config>

