<config>
	<Common>
		<IsOnline>true</IsOnline>
		<PortNum>32122</PortNum>
		<CATEngineConfigFile>CATEngine.ini</CATEngineConfigFile>
		<LogPlayerConfigFile>LogPlayer.ini</LogPlayerConfigFile>
		<ExportLogConfigFile>ExportLog.ini</ExportLogConfigFile>
		<ExeModule>
			<SDLTool>
				<config_file/>
			</SDLTool>
			<ExportLog>
				<config_file>ExportLog.ini</config_file>
			</ExportLog>
		</ExeModule>
	</Common>
	<UeConsole>
		<MaxCmdCount>8</MaxCmdCount>
		<ShowColumns>
			<UE_Time>8</UE_Time>
			<Device_ID>8</Device_ID>
			<Direction>8</Direction>
			<Index>8</Index>
			<Message_Contents>8</Message_Contents>
			<Device_Name>8</Device_Name>
		</ShowColumns>
		<DeviceID>1</DeviceID>
		<ScriptInterval>1000</ScriptInterval>
		<RecentInput>
			<Cmd1>AT+CFUN?</Cmd1>
			<Cmd2>AT</Cmd2>
			<Cmd3>AT+CFUN=0</Cmd3>
			<Cmd4>AT+CFUN=1</Cmd4>
			<Cmd5>ATE0</Cmd5>
			<Cmd6>ATE1</Cmd6>
		</RecentInput>
		<PredefinedInput>
			<Cmd1>AT</Cmd1>
			<Cmd2>ATE0</Cmd2>
			<Cmd3>ATE1</Cmd3>
			<Cmd4>AT+CFUN?</Cmd4>
			<Cmd5>AT+CFUN=0</Cmd5>
			<Cmd6>AT+CFUN=1</Cmd6>
		</PredefinedInput>
		<ADB_DeviceID>2</ADB_DeviceID>
		<ADB_ScriptInterval>1000</ADB_ScriptInterval>
		<ADB_RecentInput>
			<Cmd1>root</Cmd1>
			<Cmd2>remount</Cmd2>
		</ADB_RecentInput>
		<ADB_PredefinedInput>
			<Cmd1>root</Cmd1>
			<Cmd2>remount</Cmd2>
			<Cmd3>devices</Cmd3>
			<Cmd4>shell</Cmd4>
			<Cmd5>date</Cmd5>
			<Cmd6>exit</Cmd6>
		</ADB_PredefinedInput>
	</UeConsole>
	<LogViewer>
		<DeviceID>0</DeviceID>
		<GKI_Signal_Color>128</GKI_Signal_Color>
		<App_Side_Msg_Color>32768</App_Side_Msg_Color>
		<DeviceIDForFilterDlg>0</DeviceIDForFilterDlg>
		<Color_CSV_Device0>Diag_Color_Device0.csv</Color_CSV_Device0>
		<Color_CSV_Device1>Diag_Color_Device1.csv</Color_CSV_Device1>
		<Color_CSV_Device2/>
		<Color_CSV_Device3/>
		<Color_CSV_Device4/>
		<Color_CSV_Device5/>
		<Color_CSV_Device6/>
		<Color_CSV_Device7/>
		<DataFormat>
			<RawDataFor>0</RawDataFor>
			<RawDataPresentation>1</RawDataPresentation>
			<TimeStampFormat>0</TimeStampFormat>
			<RawMsgPresentation>0</RawMsgPresentation>
			<StrucruePresentaion>0</StrucruePresentaion>
			<LeadingZeros>true</LeadingZeros>
			<TimeStampTxtFormat>0</TimeStampTxtFormat>
		</DataFormat>
	</LogViewer>
	<FlashExplorer>
		<TargetType>0</TargetType>
		<DeviceNumber>0</DeviceNumber>
		<DefaultPathInApSide>/marvell/Linux/Marvell/NVM</DefaultPathInApSide>
		<DKB>1</DKB>
	</FlashExplorer>
	<MiniViewer Index="10" UETimeStamp="15" Data="24" Cell="10" SignalName="10" SFN="10" FrameNumber="10" PCTimeStamp="10" PhoneStatus="15">
		<ATCommands>true</ATCommands>
		<ASN1Message>true</ASN1Message>
		<DIAGStatusMessage>true</DIAGStatusMessage>
		<RLCMessage>false</RLCMessage>
		<ReportLevel>5</ReportLevel>
		<GSMCIR>false</GSMCIR>
		<TDSNR>false</TDSNR>
		<CurrentDeviceID>
			<Diag>0</Diag>
			<RawData>255</RawData>
		</CurrentDeviceID>
		<InternalASN1Decoder>true</InternalASN1Decoder>
		<DiagSettingFileName>diag_setting.csv</DiagSettingFileName>
		<GkiSettingFileName>gki_setting.csv</GkiSettingFileName>
		<TaskNameFilter>15</TaskNameFilter>
		<UICCMessages>false</UICCMessages>
		<columnwidth Index="10" UETimeStamp="15" Data="24" Cell="10" SignalName="23" SFN="10" FrameNumber="10" PCTimeStamp="10" PhoneStatus="15"/>
	</MiniViewer>
	<columnwidth Index="10" UETimeStamp="16" Data="55" Cell="16" SignalName="10" SFN="10" FrameNumber="10" PCTimeStamp="16" PhoneStatus="657"/>
	<Logger>
		<LogNameRule>0</LogNameRule>
		<MaxFilesizeInMB>200</MaxFilesizeInMB>
		<MinFreeDiskSpace>500</MinFreeDiskSpace>
		<DiskFullOperation>0</DiskFullOperation>
		<ShowAliveDatabaseOnly>false</ShowAliveDatabaseOnly>
		<RemoveOldestWhenDiskFull>true</RemoveOldestWhenDiskFull>
		<UeAutoUpdateDir>/NVM/mdb/</UeAutoUpdateDir>
	</Logger>
	<DevComm>
		<Device_0_Settings>
			<Enabled>1</Enabled>
			<ProtocolType>Diag</ProtocolType>
			<CommunicationType>USB</CommunicationType>
			<AutoDetect>1</AutoDetect>
			<USBName>Marvell DIAG USB Device</USBName>
			<USBRecognitionString/>
			<SavedUSBNames>Marvell DIAG USB Device,</SavedUSBNames>
			<COMName/>
			<COMNumber>0</COMNumber>
			<BaudRate>115200</BaudRate>
			<SavedCOMNames/>
			<IPAddress>127.0.0.1</IPAddress>
			<PortNumber>32122</PortNumber>
			<DriverName>MDiagUSB</DriverName>
			<DumpRecvData>0</DumpRecvData>
			<ReliableSerial>0</ReliableSerial>
			<SplitLineSerial>1</SplitLineSerial>
			<ADBSerialNum/>
		</Device_0_Settings>
		<Device_1_Settings>
			<Enabled>0</Enabled>
			<ProtocolType>RawData</ProtocolType>
			<CommunicationType>Serial</CommunicationType>
			<AutoDetect>0</AutoDetect>
			<USBName/>
			<USBRecognitionString/>
			<SavedUSBNames/>
			<COMName>Marvell Modem Device</COMName>
			<COMNumber>129</COMNumber>
			<BaudRate>115200</BaudRate>
			<SavedCOMNames/>
			<IPAddress>127.0.0.1</IPAddress>
			<PortNumber>32122</PortNumber>
			<DriverName>MUSBSer</DriverName>
			<DumpRecvData>0</DumpRecvData>
			<ReliableSerial>0</ReliableSerial>
			<SplitLineSerial>1</SplitLineSerial>
			<ADBSerialNum/>
		</Device_1_Settings>
		<Device_2_Settings>
			<Enabled>0</Enabled>
			<ProtocolType>AdbData</ProtocolType>
			<CommunicationType>USB</CommunicationType>
			<AutoDetect>1</AutoDetect>
			<USBName>Marvell ADB</USBName>
			<USBRecognitionString/>
			<SavedUSBNames>Marvell ADB,</SavedUSBNames>
			<COMName/>
			<COMNumber>0</COMNumber>
			<BaudRate>0</BaudRate>
			<SavedCOMNames/>
			<IPAddress/>
			<PortNumber>32122</PortNumber>
			<DriverName>WinUSB</DriverName>
			<DumpRecvData>0</DumpRecvData>
			<ReliableSerial>0</ReliableSerial>
			<SplitLineSerial>1</SplitLineSerial>
			<ADBSerialNum>0123456789ABCDEF</ADBSerialNum>
		</Device_2_Settings>
		<Device_3_Settings>
			<Enabled>0</Enabled>
			<ProtocolType>Diag</ProtocolType>
			<CommunicationType>USB</CommunicationType>
			<AutoDetect>0</AutoDetect>
			<USBName/>
			<USBRecognitionString/>
			<SavedUSBNames/>
			<COMName/>
			<COMNumber>0</COMNumber>
			<BaudRate>0</BaudRate>
			<SavedCOMNames/>
			<IPAddress/>
			<PortNumber>32122</PortNumber>
		</Device_3_Settings>
		<Device_4_Settings>
			<Enabled>0</Enabled>
			<ProtocolType>Diag</ProtocolType>
			<CommunicationType>USB</CommunicationType>
			<AutoDetect>0</AutoDetect>
			<USBName/>
			<USBRecognitionString/>
			<SavedUSBNames/>
			<COMName/>
			<COMNumber>0</COMNumber>
			<BaudRate>0</BaudRate>
			<SavedCOMNames/>
			<IPAddress/>
			<PortNumber>32122</PortNumber>
		</Device_4_Settings>
	</DevComm>
	<DevCommSettings>
		<USBDriverName>mdiagusb</USBDriverName>
		<SerialDriverName>USBSer</SerialDriverName>
	</DevCommSettings>
	<Workspace>
		<StartupModules>
			<LogViewer>1</LogViewer>
			<MiniViewer>1</MiniViewer>
			<GraphViewer>1</GraphViewer>
		</StartupModules>
	</Workspace>
	<CommandConsole>
		<DiagDeviceID>0</DiagDeviceID>
		<ModemDeviceID>1</ModemDeviceID>
	</CommandConsole>
	<GraphViewer>
		<Plugin>
			<Bler_Ch0>GraphPluginTD.dll</Bler_Ch0>
			<Bler_Ch1>GraphPluginTD.dll</Bler_Ch1>
			<Bler_Ch2>GraphPluginTD.dll</Bler_Ch2>
			<Bler_Ch3>GraphPluginTD.dll</Bler_Ch3>
			<CIR>GraphPluginTD.dll</CIR>
			<ECIO>GraphPluginTD.dll</ECIO>
			<EcN0>GraphPluginWB.dll</EcN0>
			<HS-BLER>GraphPluginWB.dll</HS-BLER>
			<HS-Throughput>GraphPluginWB.dll</HS-Throughput>
			<HSDPA_DlBler>GraphPluginTD.dll</HSDPA_DlBler>
			<HSDPA_DlThroughput>GraphPluginTD.dll</HSDPA_DlThroughput>
			<LTE-AverDlPRB>GraphPluginTD.dll</LTE-AverDlPRB>
			<LTE-AverUlMcs>GraphPluginTD.dll</LTE-AverUlMcs>
			<LTE-AverUlPRB>GraphPluginTD.dll</LTE-AverUlPRB>
			<LTE-CQI-TB0>GraphPluginTD.dll</LTE-CQI-TB0>
			<LTE-CQI-TB1>GraphPluginTD.dll</LTE-CQI-TB1>
			<LTE-DlBler>GraphPluginTD.dll</LTE-DlBler>
			<LTE-DlThroughput>GraphPluginTD.dll</LTE-DlThroughput>
			<LTE-DlTotalLen>GraphPluginTD.dll</LTE-DlTotalLen>
			<LTE-NC-RSRP>GraphPluginTD.dll</LTE-NC-RSRP>
			<LTE-NC-RSRQ>GraphPluginTD.dll</LTE-NC-RSRQ>
			<LTE-SC-RSRP>GraphPluginTD.dll</LTE-SC-RSRP>
			<LTE-SC-RSRQ>GraphPluginTD.dll</LTE-SC-RSRQ>
			<LTE-SNR>GraphPluginTD.dll</LTE-SNR>
			<LTE-TB0-AverDlMcs>GraphPluginTD.dll</LTE-TB0-AverDlMcs>
			<LTE-TB0-ErrorNum>GraphPluginTD.dll</LTE-TB0-ErrorNum>
			<LTE-TB0-GrantNum>GraphPluginTD.dll</LTE-TB0-GrantNum>
			<LTE-TB1-AverDlMcs>GraphPluginTD.dll</LTE-TB1-AverDlMcs>
			<LTE-TB1-ErrorNum>GraphPluginTD.dll</LTE-TB1-ErrorNum>
			<LTE-TB1-GrantNum>GraphPluginTD.dll</LTE-TB1-GrantNum>
			<LTE-TransMode>GraphPluginTD.dll</LTE-TransMode>
			<LTE-UlBler>GraphPluginTD.dll</LTE-UlBler>
			<LTE-UlDatalenTotal>GraphPluginTD.dll</LTE-UlDatalenTotal>
			<LTE-UlGrantCount>GraphPluginTD.dll</LTE-UlGrantCount>
			<RSCP_NCell>GraphPluginTD.dll</RSCP_NCell>
			<RSCP_SCell>GraphPluginTD.dll</RSCP_SCell>
			<RSSI_NCell>GraphPluginTD.dll</RSSI_NCell>
			<RSSI_SCell>GraphPluginTD.dll</RSSI_SCell>
			<RX_Throughput>GraphPluginTD.dll</RX_Throughput>
			<SNR>GraphPluginTD.dll</SNR>
			<TX_Throughput>GraphPluginTD.dll</TX_Throughput>
			<GraphPluginTD.dll>1</GraphPluginTD.dll>
			<GraphPluginWB.dll>1</GraphPluginWB.dll>
		</Plugin>
		<Options>
			<ActivePageIndex>1</ActivePageIndex>
			<General>
				<MaxPointCount>100000</MaxPointCount>
			</General>
		</Options>
	</GraphViewer>
	<CATAudio>
		<CPMsgFlag>false</CPMsgFlag>
		<APMsgFlag>false</APMsgFlag>
		<CallStatusFlag>true</CallStatusFlag>
		<NetWorkFlag>false</NetWorkFlag>
		<VocoderFlag>false</VocoderFlag>
		<AudioDevFlag>false</AudioDevFlag>
	</CATAudio>
	<ChipLab>
		<Platform>PXA1920DKB</Platform>
	</ChipLab>
</config>

