<config>
	<Common>
		<DatabaseFileType>
			<Device0>
				<Comm>1</Comm>
				<App>1</App>
			</Device0>
			<Device1>
				<Comm>1</Comm>
				<App>1</App>
			</Device1>
			<Device2>
				<Comm>1</Comm>
				<App>1</App>
			</Device2>
			<Device4>
				<Comm>1</Comm>
				<App>1</App>
			</Device4>
			<Device3>
				<Comm>1</Comm>
				<App>1</App>
			</Device3>
		</DatabaseFileType>
		<IsOnline>false</IsOnline>
		<IsTTCN>true</IsTTCN>
	</Common>
	<UeConsole>
		<MaxCmdCount>8</MaxCmdCount>
		<ShowColumns>
			<UE_Time>8</UE_Time>
			<Device_ID>8</Device_ID>
			<Direction>8</Direction>
			<Index>8</Index>
			<Message_Contents>8</Message_Contents>
			<Device_Name>8</Device_Name>
		</ShowColumns>
		<DeviceID>1</DeviceID>
		<ScriptInterval>1000</ScriptInterval>
		<RecentInput>
			<Cmd1>AT+CFUN?</Cmd1>
			<Cmd2>AT</Cmd2>
			<Cmd3>AT+CFUN=0</Cmd3>
			<Cmd4>AT+CFUN=1</Cmd4>
			<Cmd5>ATE0</Cmd5>
			<Cmd6>ATE1</Cmd6>
		</RecentInput>
		<PredefinedInput>
			<Cmd1>AT</Cmd1>
			<Cmd2>ATE0</Cmd2>
			<Cmd3>ATE1</Cmd3>
			<Cmd4>AT+CFUN?</Cmd4>
			<Cmd5>AT+CFUN=0</Cmd5>
			<Cmd6>AT+CFUN=1</Cmd6>
		</PredefinedInput>
		<ADB_DeviceID>2</ADB_DeviceID>
		<ADB_ScriptInterval>1000</ADB_ScriptInterval>
		<ADB_RecentInput>
			<Cmd1>root</Cmd1>
			<Cmd2>remount</Cmd2>
		</ADB_RecentInput>
		<ADB_PredefinedInput>
			<Cmd1>root</Cmd1>
			<Cmd2>remount</Cmd2>
			<Cmd3>devices</Cmd3>
			<Cmd4>shell</Cmd4>
			<Cmd5>date</Cmd5>
			<Cmd6>exit</Cmd6>
		</ADB_PredefinedInput>
	</UeConsole>
	<LogViewer>
		<DeviceID>0</DeviceID>
		<GKI_Signal_Color>128</GKI_Signal_Color>
		<App_Side_Msg_Color>32768</App_Side_Msg_Color>
		<DeviceIDForFilterDlg>0</DeviceIDForFilterDlg>
		<Color_CSV_Device0>Diag_Color_Device0.csv</Color_CSV_Device0>
		<Color_CSV_Device1>Diag_Color_Device1.csv</Color_CSV_Device1>
		<Color_CSV_Device2/>
		<Color_CSV_Device3/>
		<Color_CSV_Device4/>
		<Color_CSV_Device5/>
		<Color_CSV_Device6/>
		<Color_CSV_Device7/>
		<SearchKeywords>
			<keyword_0/>
			<searchColumn>0</searchColumn>
			<bMatchCase>false</bMatchCase>
			<bMatchWholeWord>false</bMatchWholeWord>
			<bRegEX>false</bRegEX>
			<bListAllItems>false</bListAllItems>
			<bSelectInLogRange>false</bSelectInLogRange>
			<keyword_1/>
		</SearchKeywords>
		<DataFormat>
			<RawDataFor>0</RawDataFor>
			<RawDataPresentation>1</RawDataPresentation>
			<TimeStampFormat>2</TimeStampFormat>
			<RawMsgPresentation>0</RawMsgPresentation>
			<StrucruePresentaion>0</StrucruePresentaion>
			<LeadingZeros>true</LeadingZeros>
			<TimeStampTxtFormat>0</TimeStampTxtFormat>
		</DataFormat>
		<FontSize>17</FontSize>
	</LogViewer>
	<MiniViewer>
		<ATCommands>true</ATCommands>
		<ASN1Message>true</ASN1Message>
		<DIAGStatusMessage>true</DIAGStatusMessage>
		<RLCMessage>false</RLCMessage>
		<ReportLevel>5</ReportLevel>
		<GSMCIR>true</GSMCIR>
		<TDSNR>true</TDSNR>
		<CurrentDeviceID>
			<Diag>255</Diag>
			<RawData>255</RawData>
		</CurrentDeviceID>
		<InternalASN1Decoder>true</InternalASN1Decoder>
		<DiagSettingFileName>diag_setting.csv</DiagSettingFileName>
		<GkiSettingFileName>gki_setting.csv</GkiSettingFileName>
		<TaskNameFilter>15</TaskNameFilter>
		<UICCMessages>false</UICCMessages>
		<pluginName>MiniViewerDll_TTCNLWG.dll</pluginName>
	</MiniViewer>
	<Asn1Viewer>
		<Device_Filter>
			<Device_0>1</Device_0>
			<Device_1>1</Device_1>
			<Device_2>1</Device_2>
			<Device_3>1</Device_3>
			<Device_4>1</Device_4>
			<Device_5>1</Device_5>
			<Device_6>1</Device_6>
			<Device_7>1</Device_7>
		</Device_Filter>
		<ASN1_CSN1>
			<Show_ASN1>true</Show_ASN1>
			<Show_CSN1>true</Show_CSN1>
		</ASN1_CSN1>
	</Asn1Viewer>
	<columnwidth Index="9" UETimeStamp="10" Data="49" Cell="13" SignalName="10" SFN="16" FrameNumber="7" PCTimeStamp="9" PhoneStatus="20"/>
	<Logger>
		<ShowRangeSelThreshSizeInMB>50</ShowRangeSelThreshSizeInMB>
		<IsShowRangeSelNextTime>true</IsShowRangeSelNextTime>
		<ImportPath>C:\Documents and Settings\jiajiah\Desktop</ImportPath>
		<ShowAliveDatabaseOnly>false</ShowAliveDatabaseOnly>
		<NumOfSecondsAgoForDelUnzippedLog>86400</NumOfSecondsAgoForDelUnzippedLog>
	</Logger>
	<CATAudio>
		<CPMsgFlag>true</CPMsgFlag>
		<APMsgFlag>true</APMsgFlag>
		<CallStatusFlag>true</CallStatusFlag>
		<NetWorkFlag>false</NetWorkFlag>
		<VocoderFlag>false</VocoderFlag>
		<AudioDevFlag>false</AudioDevFlag>
	</CATAudio>
	<ChipLab>
		<Platform>PXA1920DKB</Platform>
	</ChipLab>
	<GraphViewer>
		<Plugin>
			<Filename>GraphPluginLWG.dll</Filename>
			<GraphPluginLWG.dll>1</GraphPluginLWG.dll>
		</Plugin>
		<Options>
			<General>
				<MaxPointCount>100000</MaxPointCount>
				<UEResetThresh>1000</UEResetThresh>
				<TimeGobackOperation>None</TimeGobackOperation>
			</General>
			<ActivePageIndex>1</ActivePageIndex>
		</Options>
	</GraphViewer>
	<Workspace>
		<TabbedView>
			<Alignment>1</Alignment>
			<Group0>
				<Tab0 Name="LogViewer">false</Tab0>
				<Tab1 Name="MiniViewer">false</Tab1>
			</Group0>
			<Group1>
				<Tab0 Name="GraphViewer">
					<DeviceID>-1</DeviceID>
					<Dimension Row="1" Col="1"/>
					<Charts>
						<row0>
							<col0>
								<Legend IsDocked="false" IsHorizontal="false"/>
								<Series/>
							</col0>
						</row0>
					</Charts>
				</Tab0>
			</Group1>
		</TabbedView>
		<DockablePane>false</DockablePane>
	</Workspace>
</config>

