<config>
	<Common>
		<IsOnline>false</IsOnline>
		<PortNum>32123</PortNum>
		<CATEngineConfigFile>CATEngine.ini</CATEngineConfigFile>
		<LogPlayerConfigFile>LogPlayer.ini</LogPlayerConfigFile>
		<ExportLogConfigFile>ExportLog.ini</ExportLogConfigFile>
		<IsOnlineMode>true</IsOnlineMode>
	</Common>
	<GraphViewer>
		<Plugin>
			<Bler_Ch0>GraphPluginTD.dll</Bler_Ch0>
			<Bler_Ch1>GraphPluginTD.dll</Bler_Ch1>
			<Bler_Ch2>GraphPluginTD.dll</Bler_Ch2>
			<Bler_Ch3>GraphPluginTD.dll</Bler_Ch3>
			<CIR>GraphPluginTD.dll</CIR>
			<HSDPA_DlBler>GraphPluginTD.dll</HSDPA_DlBler>
			<HSDPA_DlThroughput>GraphPluginTD.dll</HSDPA_DlThroughput>
			<LTE-AverDlPRB>GraphPluginTD.dll</LTE-AverDlPRB>
			<LTE-AverUlMcs>GraphPluginTD.dll</LTE-AverUlMcs>
			<LTE-AverUlPRB>GraphPluginTD.dll</LTE-AverUlPRB>
			<LTE-CQI-TB0>GraphPluginTD.dll</LTE-CQI-TB0>
			<LTE-CQI-TB1>GraphPluginTD.dll</LTE-CQI-TB1>
			<LTE-DlBler>GraphPluginTD.dll</LTE-DlBler>
			<LTE-DlThroughput>GraphPluginTD.dll</LTE-DlThroughput>
			<LTE-DlTotalLen>GraphPluginTD.dll</LTE-DlTotalLen>
			<LTE-SNR>GraphPluginTD.dll</LTE-SNR>
			<LTE-TB0-AverDlMcs>GraphPluginTD.dll</LTE-TB0-AverDlMcs>
			<LTE-TB0-ErrorNum>GraphPluginTD.dll</LTE-TB0-ErrorNum>
			<LTE-TB0-GrantNum>GraphPluginTD.dll</LTE-TB0-GrantNum>
			<LTE-TB1-AverDlMcs>GraphPluginTD.dll</LTE-TB1-AverDlMcs>
			<LTE-TB1-ErrorNum>GraphPluginTD.dll</LTE-TB1-ErrorNum>
			<LTE-TB1-GrantNum>GraphPluginTD.dll</LTE-TB1-GrantNum>
			<LTE-TransMode>GraphPluginTD.dll</LTE-TransMode>
			<LTE-UlBler>GraphPluginTD.dll</LTE-UlBler>
			<LTE-UlDatalenTotal>GraphPluginTD.dll</LTE-UlDatalenTotal>
			<LTE-UlGrantCount>GraphPluginTD.dll</LTE-UlGrantCount>
			<RSCP_NCell>GraphPluginTD.dll</RSCP_NCell>
			<RSCP_SCell>GraphPluginTD.dll</RSCP_SCell>
			<RSSI_NCell>GraphPluginTD.dll</RSSI_NCell>
			<RSSI_SCell>GraphPluginTD.dll</RSSI_SCell>
			<RX_Throughput>GraphPluginTD.dll</RX_Throughput>
			<SNR>GraphPluginTD.dll</SNR>
			<TX_Throughput>GraphPluginTD.dll</TX_Throughput>
			<GraphPlugin.dll>1</GraphPlugin.dll>
			<GraphPlugin-Copy.dll>1</GraphPlugin-Copy.dll>
			<GraphPlugin-2.dll>1</GraphPlugin-2.dll>
			<LTE-NC-RSRP>GraphPluginTD.dll</LTE-NC-RSRP>
			<LTE-NC-RSRQ>GraphPluginTD.dll</LTE-NC-RSRQ>
			<LTE-SC-RSRP>GraphPluginTD.dll</LTE-SC-RSRP>
			<LTE-SC-RSRQ>GraphPluginTD.dll</LTE-SC-RSRQ>
			<WB-CQI>GraphPlugin.dll</WB-CQI>
			<ECIO>GraphPluginTD.dll</ECIO>
			<GraphPluginTD.dll>1</GraphPluginTD.dll>
		</Plugin>
		<Options>
			<ActivePageIndex>1</ActivePageIndex>
			<General>
				<MaxPointCount>102000</MaxPointCount>
				<UEResetThresh>1000</UEResetThresh>
				<TimeGobackOperation>None</TimeGobackOperation>
			</General>
		</Options>
	</GraphViewer>
	<UeConsole>
		<MaxCmdCount>8</MaxCmdCount>
		<ShowColumns>
			<UE_Time>8</UE_Time>
			<Device_ID>8</Device_ID>
			<Direction>8</Direction>
			<Index>8</Index>
			<Message_Contents>8</Message_Contents>
			<Device_Name>8</Device_Name>
		</ShowColumns>
		<DeviceID>1</DeviceID>
		<ScriptInterval>1000</ScriptInterval>
		<RecentInput>
			<Cmd1>AT+CFUN?</Cmd1>
			<Cmd2>AT</Cmd2>
			<Cmd3>AT+CFUN=0</Cmd3>
			<Cmd4>AT+CFUN=1</Cmd4>
			<Cmd5>ATE0</Cmd5>
			<Cmd6>ATE1</Cmd6>
		</RecentInput>
		<PredefinedInput>
			<Cmd1>AT</Cmd1>
			<Cmd2>ATE0</Cmd2>
			<Cmd3>ATE1</Cmd3>
			<Cmd4>AT+CFUN?</Cmd4>
			<Cmd5>AT+CFUN=0</Cmd5>
			<Cmd6>AT+CFUN=1</Cmd6>
		</PredefinedInput>
		<ADB_DeviceID>2</ADB_DeviceID>
		<ADB_ScriptInterval>1000</ADB_ScriptInterval>
		<ADB_RecentInput>
			<Cmd1>root</Cmd1>
			<Cmd2>remount</Cmd2>
		</ADB_RecentInput>
		<ADB_PredefinedInput>
			<Cmd1>root</Cmd1>
			<Cmd2>remount</Cmd2>
			<Cmd3>devices</Cmd3>
			<Cmd4>shell</Cmd4>
			<Cmd5>date</Cmd5>
			<Cmd6>exit</Cmd6>
		</ADB_PredefinedInput>
	</UeConsole>
	<LogViewer>
		<DeviceID>0</DeviceID>
		<GKI_Signal_Color>128</GKI_Signal_Color>
		<App_Side_Msg_Color>32768</App_Side_Msg_Color>
		<DeviceIDForFilterDlg>0</DeviceIDForFilterDlg>
		<Color_CSV_Device0>Diag_Color_Device0.csv</Color_CSV_Device0>
		<Color_CSV_Device1>Diag_Color_Device1.csv</Color_CSV_Device1>
		<Color_CSV_Device2/>
		<Color_CSV_Device3/>
		<Color_CSV_Device4/>
		<Color_CSV_Device5/>
		<Color_CSV_Device6/>
		<Color_CSV_Device7/>
		<DataFormat>
			<RawDataFor>0</RawDataFor>
			<RawDataPresentation>1</RawDataPresentation>
			<TimeStampFormat>0</TimeStampFormat>
			<RawMsgPresentation>0</RawMsgPresentation>
			<StrucruePresentaion>0</StrucruePresentaion>
			<LeadingZeros>true</LeadingZeros>
			<TimeStampTxtFormat>0</TimeStampTxtFormat>
		</DataFormat>
	</LogViewer>
	<MiniViewer>
		<ATCommands>true</ATCommands>
		<ASN1Message>true</ASN1Message>
		<DIAGStatusMessage>true</DIAGStatusMessage>
		<RLCMessage>false</RLCMessage>
		<ReportLevel>5</ReportLevel>
		<GSMCIR>true</GSMCIR>
		<TDSNR>true</TDSNR>
		<CurrentDeviceID>
			<Diag>0</Diag>
			<RawData>255</RawData>
		</CurrentDeviceID>
		<InternalASN1Decoder>true</InternalASN1Decoder>
		<DiagSettingFileName>diag_setting.csv</DiagSettingFileName>
		<GkiSettingFileName>gki_setting.csv</GkiSettingFileName>
		<TaskNameFilter>15</TaskNameFilter>
		<UICCMessages>false</UICCMessages>
	</MiniViewer>
	<Asn1Viewer>
		<Device_Filter>
			<Device_0>1</Device_0>
			<Device_1>1</Device_1>
			<Device_2>1</Device_2>
			<Device_3>1</Device_3>
			<Device_4>1</Device_4>
			<Device_5>1</Device_5>
			<Device_6>1</Device_6>
			<Device_7>1</Device_7>
		</Device_Filter>
		<ASN1_CSN1>
			<Show_ASN1>true</Show_ASN1>
			<Show_CSN1>true</Show_CSN1>
		</ASN1_CSN1>
	</Asn1Viewer>
	<columnwidth Index="9" UETimeStamp="10" Data="49" Cell="13" SignalName="10" SFN="16" FrameNumber="7" PCTimeStamp="9" PhoneStatus="20"/>
	<Logger>
		<ShowRangeSelThreshSizeInMB>50</ShowRangeSelThreshSizeInMB>
		<IsShowRangeSelNextTime>true</IsShowRangeSelNextTime>
		<ImportPath>C:\Documents and Settings\jiajiah\Desktop\5.30log_001</ImportPath>
		<ShowAliveDatabaseOnly>false</ShowAliveDatabaseOnly>
	</Logger>
	<CATAudio>
		<CPMsgFlag>true</CPMsgFlag>
		<APMsgFlag>true</APMsgFlag>
		<CallStatusFlag>true</CallStatusFlag>
		<NetWorkFlag>false</NetWorkFlag>
		<VocoderFlag>false</VocoderFlag>
		<AudioDevFlag>false</AudioDevFlag>
	</CATAudio>
	<ChipLab>
		<Platform>PXA1920DKB</Platform>
	</ChipLab>
	<Workspace>
		<StartupModules>
			<LogViewer>1</LogViewer>
			<MiniViewer>1</MiniViewer>
			<GraphViewer>1</GraphViewer>
		</StartupModules>
	</Workspace>
</config>

