<config>
	<Common>
		<IsOnline>false</IsOnline>
		<PortNum>32123</PortNum>
		<CATEngineConfigFile>CATEngine.ini</CATEngineConfigFile>
		<LogPlayerConfigFile>LogPlayer.ini</LogPlayerConfigFile>
		<ExportLogConfigFile>ExportLog.ini</ExportLogConfigFile>
		<IsOnlineMode>true</IsOnlineMode>
	</Common>
	<UeConsole>
		<MaxCmdCount>8</MaxCmdCount>
		<ShowColumns>
			<UE_Time>8</UE_Time>
			<Device_ID>8</Device_ID>
			<Direction>8</Direction>
			<Index>8</Index>
			<Message_Contents>8</Message_Contents>
			<Device_Name>8</Device_Name>
		</ShowColumns>
		<DeviceID>1</DeviceID>
		<ScriptInterval>1000</ScriptInterval>
		<RecentInput>
			<Cmd1>AT+CFUN?</Cmd1>
			<Cmd2>AT</Cmd2>
			<Cmd3>AT+CFUN=0</Cmd3>
			<Cmd4>AT+CFUN=1</Cmd4>
			<Cmd5>ATE0</Cmd5>
			<Cmd6>ATE1</Cmd6>
		</RecentInput>
		<PredefinedInput>
			<Cmd1>AT</Cmd1>
			<Cmd2>ATE0</Cmd2>
			<Cmd3>ATE1</Cmd3>
			<Cmd4>AT+CFUN?</Cmd4>
			<Cmd5>AT+CFUN=0</Cmd5>
			<Cmd6>AT+CFUN=1</Cmd6>
		</PredefinedInput>
		<ADB_DeviceID>2</ADB_DeviceID>
		<ADB_ScriptInterval>1000</ADB_ScriptInterval>
		<ADB_RecentInput>
			<Cmd1>root</Cmd1>
			<Cmd2>remount</Cmd2>
		</ADB_RecentInput>
		<ADB_PredefinedInput>
			<Cmd1>root</Cmd1>
			<Cmd2>remount</Cmd2>
			<Cmd3>devices</Cmd3>
			<Cmd4>shell</Cmd4>
			<Cmd5>date</Cmd5>
			<Cmd6>exit</Cmd6>
		</ADB_PredefinedInput>
	</UeConsole>
	<LogViewer>
		<DeviceID>0</DeviceID>
		<GKI_Signal_Color>128</GKI_Signal_Color>
		<App_Side_Msg_Color>32768</App_Side_Msg_Color>
		<DeviceIDForFilterDlg>0</DeviceIDForFilterDlg>
		<Color_CSV_Device0>Diag_Color_Device0.csv</Color_CSV_Device0>
		<Color_CSV_Device1>Diag_Color_Device1.csv</Color_CSV_Device1>
		<Color_CSV_Device2/>
		<Color_CSV_Device3/>
		<Color_CSV_Device4/>
		<Color_CSV_Device5/>
		<Color_CSV_Device6/>
		<Color_CSV_Device7/>
		<SearchKeywords>
			<keyword_0/>
			<searchColumn>0</searchColumn>
			<bMatchCase>false</bMatchCase>
			<bMatchWholeWord>false</bMatchWholeWord>
			<bRegEX>false</bRegEX>
			<bListAllItems>false</bListAllItems>
			<bSelectInLogRange>false</bSelectInLogRange>
			<keyword_1/>
		</SearchKeywords>
		<DataFormat>
			<RawDataFor>0</RawDataFor>
			<RawDataPresentation>1</RawDataPresentation>
			<TimeStampFormat>2</TimeStampFormat>
			<RawMsgPresentation>0</RawMsgPresentation>
			<StrucruePresentaion>0</StrucruePresentaion>
			<LeadingZeros>true</LeadingZeros>
			<TimeStampTxtFormat>0</TimeStampTxtFormat>
		</DataFormat>
		<FontSize>17</FontSize>
	</LogViewer>
	<MiniViewer>
		<ATCommands>true</ATCommands>
		<ASN1Message>true</ASN1Message>
		<DIAGStatusMessage>true</DIAGStatusMessage>
		<RLCMessage>false</RLCMessage>
		<ReportLevel>5</ReportLevel>
		<GSMCIR>true</GSMCIR>
		<TDSNR>true</TDSNR>
		<CurrentDeviceID>
			<Diag>255</Diag>
			<RawData>255</RawData>
		</CurrentDeviceID>
		<InternalASN1Decoder>true</InternalASN1Decoder>
		<DiagSettingFileName>diag_setting.csv</DiagSettingFileName>
		<GkiSettingFileName>gki_setting.csv</GkiSettingFileName>
		<TaskNameFilter>15</TaskNameFilter>
		<UICCMessages>false</UICCMessages>
		<pluginName>MiniViewerDll_LTE.dll</pluginName>
	</MiniViewer>
	<Asn1Viewer>
		<Device_Filter>
			<Device_0>1</Device_0>
			<Device_1>1</Device_1>
			<Device_2>1</Device_2>
			<Device_3>1</Device_3>
			<Device_4>1</Device_4>
			<Device_5>1</Device_5>
			<Device_6>1</Device_6>
			<Device_7>1</Device_7>
		</Device_Filter>
		<ASN1_CSN1>
			<Show_ASN1>true</Show_ASN1>
			<Show_CSN1>true</Show_CSN1>
		</ASN1_CSN1>
	</Asn1Viewer>
	<columnwidth Index="9" UETimeStamp="10" Data="49" Cell="13" SignalName="10" SFN="16" FrameNumber="7" PCTimeStamp="9" PhoneStatus="20"/>
	<Logger>
		<ShowRangeSelThreshSizeInMB>50</ShowRangeSelThreshSizeInMB>
		<IsShowRangeSelNextTime>true</IsShowRangeSelNextTime>
		<ImportPath>C:\Documents and Settings\jiajiah\Desktop</ImportPath>
		<ShowAliveDatabaseOnly>false</ShowAliveDatabaseOnly>
		<NumOfSecondsAgoForDelUnzippedLog>86400</NumOfSecondsAgoForDelUnzippedLog>
	</Logger>
	<CATAudio>
		<CPMsgFlag>true</CPMsgFlag>
		<APMsgFlag>true</APMsgFlag>
		<CallStatusFlag>true</CallStatusFlag>
		<NetWorkFlag>false</NetWorkFlag>
		<VocoderFlag>false</VocoderFlag>
		<AudioDevFlag>false</AudioDevFlag>
	</CATAudio>
	<ChipLab>
		<Platform>PXA1920DKB</Platform>
	</ChipLab>
	<GraphViewer>
		<Plugin>
			<Filename>GraphPluginLTE.dll</Filename>
			<CIR>GraphPluginLTE.dll</CIR>
			<ECIO>GraphPluginLTE.dll</ECIO>
			<HSDPA_DlBler>GraphPluginLTE.dll</HSDPA_DlBler>
			<HSDPA_DlThroughput>GraphPluginLTE.dll</HSDPA_DlThroughput>
			<LTE-ANT0-RSSI>GraphPluginLTE.dll</LTE-ANT0-RSSI>
			<LTE-ANT1-RSSI>GraphPluginLTE.dll</LTE-ANT1-RSSI>
			<LTE-APER-CQI-RptMode>GraphPluginLTE.dll</LTE-APER-CQI-RptMode>
			<LTE-AverDlPRB>GraphPluginLTE.dll</LTE-AverDlPRB>
			<LTE-AverUlMcs>GraphPluginLTE.dll</LTE-AverUlMcs>
			<LTE-AverUlPRB>GraphPluginLTE.dll</LTE-AverUlPRB>
			<LTE-BandWidth>GraphPluginLTE.dll</LTE-BandWidth>
			<LTE-CQI-TB0>GraphPluginLTE.dll</LTE-CQI-TB0>
			<LTE-CQI-TB1>GraphPluginLTE.dll</LTE-CQI-TB1>
			<LTE-DlBler>GraphPluginLTE.dll</LTE-DlBler>
			<LTE-DlThroughput>GraphPluginLTE.dll</LTE-DlThroughput>
			<LTE-DlTotalLen>GraphPluginLTE.dll</LTE-DlTotalLen>
			<LTE-MIMO-Ratio>GraphPluginLTE.dll</LTE-MIMO-Ratio>
			<LTE-NC-RSRP>GraphPluginLTE.dll</LTE-NC-RSRP>
			<LTE-NC-RSRQ>GraphPluginLTE.dll</LTE-NC-RSRQ>
			<LTE-PCI>GraphPluginLTE.dll</LTE-PCI>
			<LTE-PER-CQI-RptMode>GraphPluginLTE.dll</LTE-PER-CQI-RptMode>
			<LTE-RankIndex>GraphPluginLTE.dll</LTE-RankIndex>
			<LTE-SC-RSRP>GraphPluginLTE.dll</LTE-SC-RSRP>
			<LTE-SC-RSRQ>GraphPluginLTE.dll</LTE-SC-RSRQ>
			<LTE-SNR>GraphPluginLTE.dll</LTE-SNR>
			<LTE-TB0-AverDlMcs>GraphPluginLTE.dll</LTE-TB0-AverDlMcs>
			<LTE-TB0-ErrorNum>GraphPluginLTE.dll</LTE-TB0-ErrorNum>
			<LTE-TB0-GrantNum>GraphPluginLTE.dll</LTE-TB0-GrantNum>
			<LTE-TB1-AverDlMcs>GraphPluginLTE.dll</LTE-TB1-AverDlMcs>
			<LTE-TB1-ErrorNum>GraphPluginLTE.dll</LTE-TB1-ErrorNum>
			<LTE-TB1-GrantNum>GraphPluginLTE.dll</LTE-TB1-GrantNum>
			<LTE-TransMode>GraphPluginLTE.dll</LTE-TransMode>
			<LTE-TxAntNum>GraphPluginLTE.dll</LTE-TxAntNum>
			<LTE-TxPower>GraphPluginLTE.dll</LTE-TxPower>
			<LTE-UPlane-dlDataTotalLen>GraphPluginLTE.dll</LTE-UPlane-dlDataTotalLen>
			<LTE-UPlane-dlPaddingTotalLen>GraphPluginLTE.dll</LTE-UPlane-dlPaddingTotalLen>
			<LTE-UPlane-dlPduTotalLen>GraphPluginLTE.dll</LTE-UPlane-dlPduTotalLen>
			<LTE-UPlane-ulGrantTotalLen>GraphPluginLTE.dll</LTE-UPlane-ulGrantTotalLen>
			<LTE-UPlane-ulPaddingTotalLen>GraphPluginLTE.dll</LTE-UPlane-ulPaddingTotalLen>
			<LTE-UPlane-ulSduTotalLen>GraphPluginLTE.dll</LTE-UPlane-ulSduTotalLen>
			<LTE-UlBler>GraphPluginLTE.dll</LTE-UlBler>
			<LTE-UlDatalenTotal>GraphPluginLTE.dll</LTE-UlDatalenTotal>
			<LTE-UlGrantCount>GraphPluginLTE.dll</LTE-UlGrantCount>
			<RSCP_NCell>GraphPluginLTE.dll</RSCP_NCell>
			<RSCP_SCell>GraphPluginLTE.dll</RSCP_SCell>
			<RSSI_NCell>GraphPluginLTE.dll</RSSI_NCell>
			<RSSI_SCell>GraphPluginLTE.dll</RSSI_SCell>
			<RX_Throughput>GraphPluginLTE.dll</RX_Throughput>
			<SNR>GraphPluginLTE.dll</SNR>
			<TX_Throughput>GraphPluginLTE.dll</TX_Throughput>
			<GraphPluginLTE.dll>1</GraphPluginLTE.dll>
		</Plugin>
		<Options>
			<General>
				<MaxPointCount>100000</MaxPointCount>
			</General>
		</Options>
	</GraphViewer>
	<Workspace>
		<TabbedView>
			<Alignment>1</Alignment>
			<Group0>
				<Tab0 Name="LogViewer">false</Tab0>
				<Tab1 Name="MiniViewer">false</Tab1>
			</Group0>
			<Group1>
				<Tab0 Name="GraphViewer">
					<DeviceID>-1</DeviceID>
					<Dimension Row="1" Col="1"/>
					<Charts>
						<row0>
							<col0>
								<Legend IsDocked="false" IsHorizontal="false"/>
								<Series/>
							</col0>
						</row0>
					</Charts>
				</Tab0>
			</Group1>
		</TabbedView>
		<DockablePane>false</DockablePane>
	</Workspace>
</config>

