<config>
	<Common>
		<IsOnline>true</IsOnline>
		<IsTTCN>false</IsTTCN>
		<PortNum>32122</PortNum>
		<ExeModule>
			<SDLTool>
				<config_file/>
			</SDLTool>
			<ExportLog>
				<config_file>ExportLog.ini</config_file>
			</ExportLog>
		</ExeModule>
		<CompilerOption>
			<CommChipset>
				<StructAlignment>0</StructAlignment>
				<EnumSize>0</EnumSize>
			</CommChipset>
			<AppChipset>
				<StructAlignment>0</StructAlignment>
				<EnumSize>2</EnumSize>
			</AppChipset>
		</CompilerOption>
		<ModulesCsvPath/>
		<IsLogOnly>false</IsLogOnly>
		<DatabaseFileType>
			<Device0>
				<Comm>0</Comm>
				<App>0</App>
			</Device0>
		</DatabaseFileType>
	</Common>
	<UeConsole>
		<MaxCmdCount>8</MaxCmdCount>
		<ShowColumns>
			<UE_Time>8</UE_Time>
			<Device_ID>8</Device_ID>
			<Direction>8</Direction>
			<Index>8</Index>
			<Message_Contents>8</Message_Contents>
			<Device_Name>8</Device_Name>
		</ShowColumns>
		<DeviceID>1</DeviceID>
		<ScriptInterval>1000</ScriptInterval>
		<RecentInput>
			<Cmd1>AT+CFUN?</Cmd1>
			<Cmd2>AT</Cmd2>
			<Cmd3>AT+CFUN=0</Cmd3>
			<Cmd4>AT+CFUN=1</Cmd4>
			<Cmd5>ATE0</Cmd5>
			<Cmd6>ATE1</Cmd6>
		</RecentInput>
		<PredefinedInput>
			<Cmd1>AT</Cmd1>
			<Cmd2>ATE0</Cmd2>
			<Cmd3>ATE1</Cmd3>
			<Cmd4>AT+CFUN?</Cmd4>
			<Cmd5>AT+CFUN=0</Cmd5>
			<Cmd6>AT+CFUN=1</Cmd6>
		</PredefinedInput>
		<ADB_DeviceID>2</ADB_DeviceID>
		<ADB_ScriptInterval>1000</ADB_ScriptInterval>
		<ADB_RecentInput>
			<Cmd1>root</Cmd1>
			<Cmd2>remount</Cmd2>
		</ADB_RecentInput>
		<ADB_PredefinedInput>
			<Cmd1>root</Cmd1>
			<Cmd2>remount</Cmd2>
			<Cmd3>devices</Cmd3>
			<Cmd4>shell</Cmd4>
			<Cmd5>date</Cmd5>
			<Cmd6>exit</Cmd6>
		</ADB_PredefinedInput>
	</UeConsole>
	<LogViewer>
		<DeviceID>0</DeviceID>
		<GKI_Signal_Color>128</GKI_Signal_Color>
		<App_Side_Msg_Color>32768</App_Side_Msg_Color>
		<DeviceIDForFilterDlg>0</DeviceIDForFilterDlg>
		<Color_CSV_Device0>Diag_Color_Device0.csv</Color_CSV_Device0>
		<Color_CSV_Device1>Diag_Color_Device1.csv</Color_CSV_Device1>
		<Color_CSV_Device2/>
		<Color_CSV_Device3/>
		<Color_CSV_Device4/>
		<Color_CSV_Device5/>
		<Color_CSV_Device6/>
		<Color_CSV_Device7/>
		<SearchKeywords>
			<keyword_0/>
			<searchColumn>0</searchColumn>
			<bMatchCase>false</bMatchCase>
			<bMatchWholeWord>false</bMatchWholeWord>
			<bRegEX>false</bRegEX>
			<bListAllItems>false</bListAllItems>
			<bSelectInLogRange>false</bSelectInLogRange>
			<keyword_1/>
		</SearchKeywords>
		<DataFormat>
			<RawDataFor>0</RawDataFor>
			<RawDataPresentation>1</RawDataPresentation>
			<TimeStampFormat>2</TimeStampFormat>
			<RawMsgPresentation>0</RawMsgPresentation>
			<StrucruePresentaion>0</StrucruePresentaion>
			<LeadingZeros>true</LeadingZeros>
			<TimeStampTxtFormat>0</TimeStampTxtFormat>
		</DataFormat>
		<FontSize>17</FontSize>
		<Diag_Color_CSV/>
		<GKI_Color_CSV/>
		<DSP_Color_CSV/>
		<bOverwriteMsgColor>1</bOverwriteMsgColor>
	</LogViewer>
	<FlashExplorer>
		<TargetType>0</TargetType>
		<DeviceNumber>0</DeviceNumber>
		<DefaultPathInApSide>/marvell/Linux/Marvell/NVM</DefaultPathInApSide>
		<DKB>1</DKB>
	</FlashExplorer>
	<MiniViewer>
		<ATCommands>true</ATCommands>
		<ASN1Message>true</ASN1Message>
		<DIAGStatusMessage>false</DIAGStatusMessage>
		<RLCMessage>false</RLCMessage>
		<ReportLevel>3</ReportLevel>
		<GSMCIR>false</GSMCIR>
		<TDSNR>false</TDSNR>
		<CurrentDeviceID>
			<Diag>255</Diag>
			<RawData>255</RawData>
		</CurrentDeviceID>
		<InternalASN1Decoder>true</InternalASN1Decoder>
		<DiagSettingFileName>diag_setting.csv</DiagSettingFileName>
		<GkiSettingFileName>gki_setting.csv</GkiSettingFileName>
		<TaskNameFilter>15</TaskNameFilter>
		<UICCMessages>false</UICCMessages>
		<pluginName>MiniViewerDll_Generic.dll</pluginName>
		<columnwidth Index="10" UETimeStamp="11" Data="54" Cell="5" SignalName="23" SFN="10" FrameNumber="10" PCTimeStamp="10" PhoneStatus="15"/>
		<ATCommandsSent>false</ATCommandsSent>
		<IPMessage>true</IPMessage>
		<CIMessage>false</CIMessage>
		<StatePane>
			<Height>30</Height>
			<AutoHide>false</AutoHide>
		</StatePane>
		<ExpPcapPath/>
		<UsingCPTimeStamp>false</UsingCPTimeStamp>
		<ASN1WinPos X="0" Y="0"/>
	</MiniViewer>
	<Logger>
		<LogNameRule>1</LogNameRule>
		<MaxFilesizeInMB>200</MaxFilesizeInMB>
		<MinFreeDiskSpace>2500</MinFreeDiskSpace>
		<DiskFullOperation>0</DiskFullOperation>
		<ShowAliveDatabaseOnly>true</ShowAliveDatabaseOnly>
		<RemoveOldestWhenDiskFull>true</RemoveOldestWhenDiskFull>
		<UeAutoUpdateDir>/NVM/mdb/</UeAutoUpdateDir>
		<LogPath/>
		<NumOfHoursAgoForDelLog>168</NumOfHoursAgoForDelLog>
		<AutoRepaireLogFile>false</AutoRepaireLogFile>
		<MinMaxFilesizeInMB>60</MinMaxFilesizeInMB>
	</Logger>
	<DevComm>
		<Device_0_Settings>
			<Enabled>1</Enabled>
			<ProtocolType>Diag</ProtocolType>
			<CommunicationType>Serial</CommunicationType>
			<AutoDetect>0</AutoDetect>
			<USBName/>
			<USBRecognitionString/>
			<SavedUSBNames/>
			<COMName>SB Diagnostics 9011</COMName>
			<COMNumber>31</COMNumber>
			<BaudRate>115200</BaudRate>
			<SavedCOMNames/>
			<IPAddress>127.0.0.1</IPAddress>
			<PortNumber>0</PortNumber>
			<DriverName>qcusbser</DriverName>
			<DumpRecvData>0</DumpRecvData>
			<ReliableSerial>0</ReliableSerial>
			<SplitLineSerial>1</SplitLineSerial>
			<ADBSerialNum/>
			<RemoteIPAddress>127.0.0.1</RemoteIPAddress>
			<RemotePortNumber>0</RemotePortNumber>
		</Device_0_Settings>
		<Device_1_Settings>
			<Enabled>0</Enabled>
			<ProtocolType>RawData</ProtocolType>
			<CommunicationType>Serial</CommunicationType>
			<AutoDetect>0</AutoDetect>
			<USBName/>
			<USBRecognitionString/>
			<SavedUSBNames/>
			<COMName>Marvell Modem Device</COMName>
			<COMNumber>129</COMNumber>
			<BaudRate>115200</BaudRate>
			<SavedCOMNames/>
			<IPAddress>127.0.0.1</IPAddress>
			<PortNumber>32122</PortNumber>
			<DriverName>MUSBSer</DriverName>
			<DumpRecvData>0</DumpRecvData>
			<ReliableSerial>0</ReliableSerial>
			<SplitLineSerial>1</SplitLineSerial>
			<ADBSerialNum/>
			<RemoteIPAddress/>
			<RemotePortNumber>0</RemotePortNumber>
		</Device_1_Settings>
		<Device_2_Settings>
			<Enabled>0</Enabled>
			<ProtocolType>AdbData</ProtocolType>
			<CommunicationType>USB</CommunicationType>
			<AutoDetect>1</AutoDetect>
			<USBName>Marvell ADB</USBName>
			<USBRecognitionString/>
			<SavedUSBNames>Marvell ADB,</SavedUSBNames>
			<COMName/>
			<COMNumber>0</COMNumber>
			<BaudRate>0</BaudRate>
			<SavedCOMNames/>
			<IPAddress/>
			<PortNumber>32122</PortNumber>
			<DriverName>WinUSB</DriverName>
			<DumpRecvData>0</DumpRecvData>
			<ReliableSerial>0</ReliableSerial>
			<SplitLineSerial>1</SplitLineSerial>
			<ADBSerialNum>0123456789ABCDEF</ADBSerialNum>
			<RemoteIPAddress/>
			<RemotePortNumber>0</RemotePortNumber>
		</Device_2_Settings>
		<Device_3_Settings>
			<Enabled>0</Enabled>
			<ProtocolType>Diag</ProtocolType>
			<CommunicationType>USB</CommunicationType>
			<AutoDetect>0</AutoDetect>
			<USBName/>
			<USBRecognitionString/>
			<SavedUSBNames/>
			<COMName/>
			<COMNumber>0</COMNumber>
			<BaudRate>0</BaudRate>
			<SavedCOMNames/>
			<IPAddress/>
			<PortNumber>32122</PortNumber>
			<DriverName>MDiagUSB</DriverName>
			<DumpRecvData>0</DumpRecvData>
			<ReliableSerial>0</ReliableSerial>
			<SplitLineSerial>0</SplitLineSerial>
			<RemoteIPAddress/>
			<RemotePortNumber>0</RemotePortNumber>
			<ADBSerialNum/>
		</Device_3_Settings>
		<Device_4_Settings>
			<Enabled>0</Enabled>
			<ProtocolType>Diag</ProtocolType>
			<CommunicationType>USB</CommunicationType>
			<AutoDetect>0</AutoDetect>
			<USBName/>
			<USBRecognitionString/>
			<SavedUSBNames/>
			<COMName/>
			<COMNumber>0</COMNumber>
			<BaudRate>0</BaudRate>
			<SavedCOMNames/>
			<IPAddress/>
			<PortNumber>32122</PortNumber>
			<DriverName>MDiagUSB</DriverName>
			<DumpRecvData>0</DumpRecvData>
			<ReliableSerial>0</ReliableSerial>
			<SplitLineSerial>0</SplitLineSerial>
			<RemoteIPAddress/>
			<RemotePortNumber>0</RemotePortNumber>
			<ADBSerialNum/>
		</Device_4_Settings>
	</DevComm>
	<DevCommSettings>
		<USBDriverName>mdiagusb</USBDriverName>
		<SerialDriverName>USBSer</SerialDriverName>
	</DevCommSettings>
	<CommandConsole>
		<DiagDeviceID>0</DiagDeviceID>
		<ModemDeviceID>1</ModemDeviceID>
		<ATCMD>
			<String1>AT</String1>
			<String2>ATD 049091802</String2>
			<String3>ATA</String3>
			<String4>+++</String4>
			<String5>ATP</String5>
			<String6>ATT</String6>
			<String7>ATI</String7>
			<String8>ATZ</String8>
			<String9>AT&amp;V</String9>
			<String10>AT+GMM</String10>
			<String11>AT+GSN</String11>
			<String12>ATE</String12>
			<String13>AT&amp;K</String13>
			<String14>AT+CMGF=1</String14>
			<String15>AT+CMGS=1234</String15>
			<String16>AT+CMGL=ALL</String16>
			<String17>AT+CMGL=REC UNREAD</String17>
			<String18>AT+CMGR=1</String18>
			<String19>AT+CHSN=2,0,0,0</String19>
			<String20/>
		</ATCMD>
	</CommandConsole>
	<CATAudio>
		<CPMsgFlag>false</CPMsgFlag>
		<APMsgFlag>false</APMsgFlag>
		<CallStatusFlag>true</CallStatusFlag>
		<NetWorkFlag>false</NetWorkFlag>
		<VocoderFlag>false</VocoderFlag>
		<AudioDevFlag>false</AudioDevFlag>
	</CATAudio>
	<ChipLab>
		<Platform>PXA1920DKB</Platform>
	</ChipLab>
	<GraphViewer>
		<Plugin>
			<Filename>GraphPluginGeneric.dll</Filename>
			<GraphPluginGeneric.dll>1</GraphPluginGeneric.dll>
			<AFC_dac>GraphPluginGeneric.dll</AFC_dac>
			<AGC-Gain>GraphPluginGeneric.dll</AGC-Gain>
			<AMPRValue>GraphPluginGeneric.dll</AMPRValue>
			<BurstRssi>GraphPluginGeneric.dll</BurstRssi>
			<CIR>GraphPluginGeneric.dll</CIR>
			<ECIO>GraphPluginGeneric.dll</ECIO>
			<EcN0>GraphPluginGeneric.dll</EcN0>
			<FiValue>GraphPluginGeneric.dll</FiValue>
			<FreqOffset_ppb>GraphPluginGeneric.dll</FreqOffset_ppb>
			<GiValue>GraphPluginGeneric.dll</GiValue>
			<HsCQI>GraphPluginGeneric.dll</HsCQI>
			<HsDschReTrans>GraphPluginGeneric.dll</HsDschReTrans>
			<HsModulation>GraphPluginGeneric.dll</HsModulation>
			<HsScchAttempt>GraphPluginGeneric.dll</HsScchAttempt>
			<HsScchSuccess>GraphPluginGeneric.dll</HsScchSuccess>
			<HsTBSize>GraphPluginGeneric.dll</HsTBSize>
			<LTE-ANT0-RSSI>GraphPluginGeneric.dll</LTE-ANT0-RSSI>
			<LTE-ANT1-RSSI>GraphPluginGeneric.dll</LTE-ANT1-RSSI>
			<LTE-APER-CQI-RptMode>GraphPluginGeneric.dll</LTE-APER-CQI-RptMode>
			<LTE-AverDlPRB>GraphPluginGeneric.dll</LTE-AverDlPRB>
			<LTE-AverUlMcs>GraphPluginGeneric.dll</LTE-AverUlMcs>
			<LTE-AverUlPRB>GraphPluginGeneric.dll</LTE-AverUlPRB>
			<LTE-BandWidth>GraphPluginGeneric.dll</LTE-BandWidth>
			<LTE-CQI-TB0>GraphPluginGeneric.dll</LTE-CQI-TB0>
			<LTE-CQI-TB1>GraphPluginGeneric.dll</LTE-CQI-TB1>
			<LTE-DlBler>GraphPluginGeneric.dll</LTE-DlBler>
			<LTE-DlThroughput(Kbps)>GraphPluginGeneric.dll</LTE-DlThroughput(Kbps)>
			<LTE-DlThroughput(Mbps)>GraphPluginGeneric.dll</LTE-DlThroughput(Mbps)>
			<LTE-DlThroughput(bps)>GraphPluginGeneric.dll</LTE-DlThroughput(bps)>
			<LTE-MIMO-Ratio>GraphPluginGeneric.dll</LTE-MIMO-Ratio>
			<LTE-NC-RSRP>GraphPluginGeneric.dll</LTE-NC-RSRP>
			<LTE-NC-RSRQ>GraphPluginGeneric.dll</LTE-NC-RSRQ>
			<LTE-NcEmph-RSRP-1st>GraphPluginGeneric.dll</LTE-NcEmph-RSRP-1st>
			<LTE-NcEmph-RSRP-2nd>GraphPluginGeneric.dll</LTE-NcEmph-RSRP-2nd>
			<LTE-NcEmph-RSRQ-1st>GraphPluginGeneric.dll</LTE-NcEmph-RSRQ-1st>
			<LTE-NcEmph-RSRQ-2nd>GraphPluginGeneric.dll</LTE-NcEmph-RSRQ-2nd>
			<LTE-NcInter-RSRP-1st>GraphPluginGeneric.dll</LTE-NcInter-RSRP-1st>
			<LTE-NcInter-RSRP-2nd>GraphPluginGeneric.dll</LTE-NcInter-RSRP-2nd>
			<LTE-NcInter-RSRP-3rd>GraphPluginGeneric.dll</LTE-NcInter-RSRP-3rd>
			<LTE-NcInter-RSRQ-1st>GraphPluginGeneric.dll</LTE-NcInter-RSRQ-1st>
			<LTE-NcInter-RSRQ-2nd>GraphPluginGeneric.dll</LTE-NcInter-RSRQ-2nd>
			<LTE-NcInter-RSRQ-3rd>GraphPluginGeneric.dll</LTE-NcInter-RSRQ-3rd>
			<LTE-NcIntra-RSRP-1st>GraphPluginGeneric.dll</LTE-NcIntra-RSRP-1st>
			<LTE-NcIntra-RSRP-2nd>GraphPluginGeneric.dll</LTE-NcIntra-RSRP-2nd>
			<LTE-NcIntra-RSRQ-1st>GraphPluginGeneric.dll</LTE-NcIntra-RSRQ-1st>
			<LTE-NcIntra-RSRQ-2nd>GraphPluginGeneric.dll</LTE-NcIntra-RSRQ-2nd>
			<LTE-PCI>GraphPluginGeneric.dll</LTE-PCI>
			<LTE-PER-CQI-RptMode>GraphPluginGeneric.dll</LTE-PER-CQI-RptMode>
			<LTE-PHY-PS-Score-GSM>GraphPluginGeneric.dll</LTE-PHY-PS-Score-GSM>
			<LTE-PHY-PS-Score-LTE>GraphPluginGeneric.dll</LTE-PHY-PS-Score-LTE>
			<LTE-PHY-PS-Score-WB>GraphPluginGeneric.dll</LTE-PHY-PS-Score-WB>
			<LTE-PHY-SubStatus>GraphPluginGeneric.dll</LTE-PHY-SubStatus>
			<LTE-PHY-SystemStatus>GraphPluginGeneric.dll</LTE-PHY-SystemStatus>
			<LTE-PRACH-Power>GraphPluginGeneric.dll</LTE-PRACH-Power>
			<LTE-PUCCH-Power>GraphPluginGeneric.dll</LTE-PUCCH-Power>
			<LTE-PUSCH-Power>GraphPluginGeneric.dll</LTE-PUSCH-Power>
			<LTE-RankIndex>GraphPluginGeneric.dll</LTE-RankIndex>
			<LTE-SC-RSRP>GraphPluginGeneric.dll</LTE-SC-RSRP>
			<LTE-SC-RSRQ>GraphPluginGeneric.dll</LTE-SC-RSRQ>
			<LTE-SC-SINR>GraphPluginGeneric.dll</LTE-SC-SINR>
			<LTE-SNR>GraphPluginGeneric.dll</LTE-SNR>
			<LTE-SNR-DIV>GraphPluginGeneric.dll</LTE-SNR-DIV>
			<LTE-SecondarySC-RSRP>GraphPluginGeneric.dll</LTE-SecondarySC-RSRP>
			<LTE-SecondarySC-RSRQ>GraphPluginGeneric.dll</LTE-SecondarySC-RSRQ>
			<LTE-TB0-AverDlMcs>GraphPluginGeneric.dll</LTE-TB0-AverDlMcs>
			<LTE-TB0-ErrorNum>GraphPluginGeneric.dll</LTE-TB0-ErrorNum>
			<LTE-TB0-GrantNum>GraphPluginGeneric.dll</LTE-TB0-GrantNum>
			<LTE-TB1-AverDlMcs>GraphPluginGeneric.dll</LTE-TB1-AverDlMcs>
			<LTE-TB1-ErrorNum>GraphPluginGeneric.dll</LTE-TB1-ErrorNum>
			<LTE-TB1-GrantNum>GraphPluginGeneric.dll</LTE-TB1-GrantNum>
			<LTE-TransMode>GraphPluginGeneric.dll</LTE-TransMode>
			<LTE-TxAntNum>GraphPluginGeneric.dll</LTE-TxAntNum>
			<LTE-UPlane-dlDataTotalLen>GraphPluginGeneric.dll</LTE-UPlane-dlDataTotalLen>
			<LTE-UPlane-dlPaddingTotalLen>GraphPluginGeneric.dll</LTE-UPlane-dlPaddingTotalLen>
			<LTE-UPlane-dlPduTotalLen>GraphPluginGeneric.dll</LTE-UPlane-dlPduTotalLen>
			<LTE-UPlane-ulGrantTotalLen>GraphPluginGeneric.dll</LTE-UPlane-ulGrantTotalLen>
			<LTE-UPlane-ulPaddingTotalLen>GraphPluginGeneric.dll</LTE-UPlane-ulPaddingTotalLen>
			<LTE-UPlane-ulSduTotalLen>GraphPluginGeneric.dll</LTE-UPlane-ulSduTotalLen>
			<LTE-UlBler>GraphPluginGeneric.dll</LTE-UlBler>
			<LTE-UlGrantCount>GraphPluginGeneric.dll</LTE-UlGrantCount>
			<LTE-UlGrantNum>GraphPluginGeneric.dll</LTE-UlGrantNum>
			<LTE-UlThroughput(Kbps)>GraphPluginGeneric.dll</LTE-UlThroughput(Kbps)>
			<LTE-UlThroughput(Mbps)>GraphPluginGeneric.dll</LTE-UlThroughput(Mbps)>
			<LTE-UlThroughput(bps)>GraphPluginGeneric.dll</LTE-UlThroughput(bps)>
			<LTE-ack2NackNum-Primary>GraphPluginGeneric.dll</LTE-ack2NackNum-Primary>
			<LTE-ack2NackNum-Secondary>GraphPluginGeneric.dll</LTE-ack2NackNum-Secondary>
			<LTE-agcGainPriTmp>GraphPluginGeneric.dll</LTE-agcGainPriTmp>
			<LTE-agcGainSecTmp>GraphPluginGeneric.dll</LTE-agcGainSecTmp>
			<LTE-currFi>GraphPluginGeneric.dll</LTE-currFi>
			<LTE-currGi>GraphPluginGeneric.dll</LTE-currGi>
			<LTE-rsrpA0dBm>GraphPluginGeneric.dll</LTE-rsrpA0dBm>
			<LTE-rsrpA1dBm>GraphPluginGeneric.dll</LTE-rsrpA1dBm>
			<MBSFN_BLER>GraphPluginGeneric.dll</MBSFN_BLER>
			<MPRValue>GraphPluginGeneric.dll</MPRValue>
			<MSI_CorrectRecv>GraphPluginGeneric.dll</MSI_CorrectRecv>
			<MSI_Punctured>GraphPluginGeneric.dll</MSI_Punctured>
			<MSI_RecvNum>GraphPluginGeneric.dll</MSI_RecvNum>
			<MSI_SchdNum>GraphPluginGeneric.dll</MSI_SchdNum>
			<MSI_WronglyRecv>GraphPluginGeneric.dll</MSI_WronglyRecv>
			<MTCH_CorrectRecv>GraphPluginGeneric.dll</MTCH_CorrectRecv>
			<MTCH_Punctured>GraphPluginGeneric.dll</MTCH_Punctured>
			<MTCH_RecvNum>GraphPluginGeneric.dll</MTCH_RecvNum>
			<MTCH_SchdNum>GraphPluginGeneric.dll</MTCH_SchdNum>
			<MTCH_WronglyRecv>GraphPluginGeneric.dll</MTCH_WronglyRecv>
			<MbsfnThroughput>GraphPluginGeneric.dll</MbsfnThroughput>
			<Mode>GraphPluginGeneric.dll</Mode>
			<PCL-cs>GraphPluginGeneric.dll</PCL-cs>
			<PHR>GraphPluginGeneric.dll</PHR>
			<RQ-cs>GraphPluginGeneric.dll</RQ-cs>
			<RSCP_NCell>GraphPluginGeneric.dll</RSCP_NCell>
			<RSCP_SCell>GraphPluginGeneric.dll</RSCP_SCell>
			<RSSI-Idle>GraphPluginGeneric.dll</RSSI-Idle>
			<RSSI-cs>GraphPluginGeneric.dll</RSSI-cs>
			<RSSI-ptm>GraphPluginGeneric.dll</RSSI-ptm>
			<RSSI_NCell>GraphPluginGeneric.dll</RSSI_NCell>
			<RSSI_SCell>GraphPluginGeneric.dll</RSSI_SCell>
			<RecvDataLen>GraphPluginGeneric.dll</RecvDataLen>
			<RxThroughput>GraphPluginGeneric.dll</RxThroughput>
			<SIM0-LTE-NC-RSRP>GraphPluginGeneric.dll</SIM0-LTE-NC-RSRP>
			<SIM0-LTE-NC-RSRQ>GraphPluginGeneric.dll</SIM0-LTE-NC-RSRQ>
			<SIM0-LTE-NcInter-RSRP-1st>GraphPluginGeneric.dll</SIM0-LTE-NcInter-RSRP-1st>
			<SIM0-LTE-NcInter-RSRP-2nd>GraphPluginGeneric.dll</SIM0-LTE-NcInter-RSRP-2nd>
			<SIM0-LTE-NcInter-RSRP-3rd>GraphPluginGeneric.dll</SIM0-LTE-NcInter-RSRP-3rd>
			<SIM0-LTE-NcInter-RSRQ-1st>GraphPluginGeneric.dll</SIM0-LTE-NcInter-RSRQ-1st>
			<SIM0-LTE-NcInter-RSRQ-2nd>GraphPluginGeneric.dll</SIM0-LTE-NcInter-RSRQ-2nd>
			<SIM0-LTE-NcInter-RSRQ-3rd>GraphPluginGeneric.dll</SIM0-LTE-NcInter-RSRQ-3rd>
			<SIM0-LTE-NcIntra-RSRP-1st>GraphPluginGeneric.dll</SIM0-LTE-NcIntra-RSRP-1st>
			<SIM0-LTE-NcIntra-RSRP-2nd>GraphPluginGeneric.dll</SIM0-LTE-NcIntra-RSRP-2nd>
			<SIM0-LTE-NcIntra-RSRQ-1st>GraphPluginGeneric.dll</SIM0-LTE-NcIntra-RSRQ-1st>
			<SIM0-LTE-NcIntra-RSRQ-2nd>GraphPluginGeneric.dll</SIM0-LTE-NcIntra-RSRQ-2nd>
			<SIM0-LTE-SC-RSRP>GraphPluginGeneric.dll</SIM0-LTE-SC-RSRP>
			<SIM0-LTE-SC-RSRQ>GraphPluginGeneric.dll</SIM0-LTE-SC-RSRQ>
			<SIM0-LTE-SC-SINR>GraphPluginGeneric.dll</SIM0-LTE-SC-SINR>
			<SIM1-LTE-NC-RSRP>GraphPluginGeneric.dll</SIM1-LTE-NC-RSRP>
			<SIM1-LTE-NC-RSRQ>GraphPluginGeneric.dll</SIM1-LTE-NC-RSRQ>
			<SIM1-LTE-NcInter-RSRP-1st>GraphPluginGeneric.dll</SIM1-LTE-NcInter-RSRP-1st>
			<SIM1-LTE-NcInter-RSRP-2nd>GraphPluginGeneric.dll</SIM1-LTE-NcInter-RSRP-2nd>
			<SIM1-LTE-NcInter-RSRP-3rd>GraphPluginGeneric.dll</SIM1-LTE-NcInter-RSRP-3rd>
			<SIM1-LTE-NcInter-RSRQ-1st>GraphPluginGeneric.dll</SIM1-LTE-NcInter-RSRQ-1st>
			<SIM1-LTE-NcInter-RSRQ-2nd>GraphPluginGeneric.dll</SIM1-LTE-NcInter-RSRQ-2nd>
			<SIM1-LTE-NcInter-RSRQ-3rd>GraphPluginGeneric.dll</SIM1-LTE-NcInter-RSRQ-3rd>
			<SIM1-LTE-NcIntra-RSRP-1st>GraphPluginGeneric.dll</SIM1-LTE-NcIntra-RSRP-1st>
			<SIM1-LTE-NcIntra-RSRP-2nd>GraphPluginGeneric.dll</SIM1-LTE-NcIntra-RSRP-2nd>
			<SIM1-LTE-NcIntra-RSRQ-1st>GraphPluginGeneric.dll</SIM1-LTE-NcIntra-RSRQ-1st>
			<SIM1-LTE-NcIntra-RSRQ-2nd>GraphPluginGeneric.dll</SIM1-LTE-NcIntra-RSRQ-2nd>
			<SIM1-LTE-SC-RSRP>GraphPluginGeneric.dll</SIM1-LTE-SC-RSRP>
			<SIM1-LTE-SC-RSRQ>GraphPluginGeneric.dll</SIM1-LTE-SC-RSRQ>
			<SIM1-LTE-SC-SINR>GraphPluginGeneric.dll</SIM1-LTE-SC-SINR>
			<SNR>GraphPluginGeneric.dll</SNR>
			<TA-cs>GraphPluginGeneric.dll</TA-cs>
			<TD-NC-RSCP>GraphPluginGeneric.dll</TD-NC-RSCP>
			<TD-TxPower>GraphPluginGeneric.dll</TD-TxPower>
			<TT>GraphPluginGeneric.dll</TT>
			<TX_Throughput>GraphPluginGeneric.dll</TX_Throughput>
			<TxPowerPusSrs>GraphPluginGeneric.dll</TxPowerPusSrs>
			<UMTS-URLC-PDU-DlThroughput>GraphPluginGeneric.dll</UMTS-URLC-PDU-DlThroughput>
			<UMTS-URLC-PDU-UlThroughput>GraphPluginGeneric.dll</UMTS-URLC-PDU-UlThroughput>
			<UMTS-URLC-SDU-DlThroughput>GraphPluginGeneric.dll</UMTS-URLC-SDU-DlThroughput>
			<UMTS-URLC-SDU-UlThroughput>GraphPluginGeneric.dll</UMTS-URLC-SDU-UlThroughput>
			<WB-FreqOffset>GraphPluginGeneric.dll</WB-FreqOffset>
			<WB-HsBLER>GraphPluginGeneric.dll</WB-HsBLER>
			<WB-HsBLER-Primary>GraphPluginGeneric.dll</WB-HsBLER-Primary>
			<WB-HsBLER-Secondary>GraphPluginGeneric.dll</WB-HsBLER-Secondary>
			<WB-HsCQI-Primary-Max>GraphPluginGeneric.dll</WB-HsCQI-Primary-Max>
			<WB-HsCQI-Primary-Min>GraphPluginGeneric.dll</WB-HsCQI-Primary-Min>
			<WB-HsCQI-Secondary-Max>GraphPluginGeneric.dll</WB-HsCQI-Secondary-Max>
			<WB-HsCQI-Secondary-Min>GraphPluginGeneric.dll</WB-HsCQI-Secondary-Min>
			<WB-HsCQISNR-Primary-Max>GraphPluginGeneric.dll</WB-HsCQISNR-Primary-Max>
			<WB-HsCQISNR-Primary-Min>GraphPluginGeneric.dll</WB-HsCQISNR-Primary-Min>
			<WB-HsCQISNR-Secondary-Max>GraphPluginGeneric.dll</WB-HsCQISNR-Secondary-Max>
			<WB-HsCQISNR-Secondary-Min>GraphPluginGeneric.dll</WB-HsCQISNR-Secondary-Min>
			<WB-HsDlThroughput>GraphPluginGeneric.dll</WB-HsDlThroughput>
			<WB-HsDlThroughput-Primary>GraphPluginGeneric.dll</WB-HsDlThroughput-Primary>
			<WB-HsDlThroughput-Secondary>GraphPluginGeneric.dll</WB-HsDlThroughput-Secondary>
			<WB-HsS2SBSNR-Primary-Max>GraphPluginGeneric.dll</WB-HsS2SBSNR-Primary-Max>
			<WB-HsS2SBSNR-Primary-Min>GraphPluginGeneric.dll</WB-HsS2SBSNR-Primary-Min>
			<WB-HsS2SBSNR-Secondary-Max>GraphPluginGeneric.dll</WB-HsS2SBSNR-Secondary-Max>
			<WB-HsS2SBSNR-Secondary-Min>GraphPluginGeneric.dll</WB-HsS2SBSNR-Secondary-Min>
			<WB-HsTBSize>GraphPluginGeneric.dll</WB-HsTBSize>
			<WB-NC-EcNo>GraphPluginGeneric.dll</WB-NC-EcNo>
			<WB-TxPower>GraphPluginGeneric.dll</WB-TxPower>
		</Plugin>
		<Options>
			<General>
				<MaxPointCount>100000</MaxPointCount>
				<UEResetThresh>1000</UEResetThresh>
				<TimeGobackOperation>None</TimeGobackOperation>
				<ShowBytes4Tpt>0</ShowBytes4Tpt>
			</General>
			<ActivePageIndex>1</ActivePageIndex>
		</Options>
	</GraphViewer>
	<Workspace>
		<TabbedView>
			<Alignment>1</Alignment>
			<Group0>
				<Tab0 Name="LogViewer">false</Tab0>
				<Tab1 Name="MiniViewer">false</Tab1>
			</Group0>
			<Group1>
				<Tab0 Name="GraphViewer">
					<DeviceID>-1</DeviceID>
					<Dimension Row="1" Col="1"/>
					<Charts>
						<row0>
							<col0>
								<Legend IsDocked="false" IsHorizontal="false"/>
								<Series/>
							</col0>
						</row0>
					</Charts>
				</Tab0>
			</Group1>
		</TabbedView>
		<DockablePane>false</DockablePane>
	</Workspace>
	<ExportLog>
		<MinimumIclFileSize>60</MinimumIclFileSize>
		<DefaultSelectionFolder>Y:\Hardware\modems\SIMCOM\CATStudio_V3_0_8_83\CATStudio_V3_0_8_83\Exec\temp</DefaultSelectionFolder>
		<IsUseSavedFileName>false</IsUseSavedFileName>
		<CompressSpeed>1.424318</CompressSpeed>
		<SavedFileName>ExportLog</SavedFileName>
		<ExportedLogHistoryFilePath>Y:\Hardware\modems\SIMCOM\CATStudio_V3_0_8_83\CATStudio_V3_0_8_83\Exec\temp\ExportedHistory.csv</ExportedLogHistoryFilePath>
		<AddDatePrefix>0</AddDatePrefix>
	</ExportLog>
	<CheckDbVersion>
		<Last_CP_DIAG_DB_Path_Device0>
			<Last_CP_DIAG_DB_Path/>
			<Last_CP_NVM_DB_Path/>
			<Last_DSP_DB_Path/>
			<Last_CP_DB_TEXT_PATH>Y:\Hardware\modems\SIMCOM\A124B01A7670M7_A7670G-LLSE_V101240402\A124B01A7670M7_A7670G-LLSE_V101240402\A124B01V01A7670M7_MDB.txt</Last_CP_DB_TEXT_PATH>
			<Last_App_DIAG_DB_Path/>
			<Last_App_NVM_DB_Path/>
			<Last_AP_DB_Text_Path/>
		</Last_CP_DIAG_DB_Path_Device0>
		<CP_DIAG_DB_Paths_Device0>
			<Path_1/>
		</CP_DIAG_DB_Paths_Device0>
		<App_DIAG_DB_Paths_Device0>
			<Path_1/>
		</App_DIAG_DB_Paths_Device0>
		<CP_NVM_DB_Paths_Device0>
			<Path_1/>
		</CP_NVM_DB_Paths_Device0>
		<App_NVM_DB_Paths_Device0>
			<Path_1/>
		</App_NVM_DB_Paths_Device0>
		<TXT_AP_DB_PATH_Device0>
			<Path_1/>
		</TXT_AP_DB_PATH_Device0>
		<TXT_CP_DB_PATH_Device0>
			<Path_1>Y:\Hardware\modems\SIMCOM\A124B01A7670M7_A7670G-LLSE_V101240402\A124B01A7670M7_A7670G-LLSE_V101240402\A124B01V01A7670M7_MDB.txt</Path_1>
		</TXT_CP_DB_PATH_Device0>
		<DSP_DB_Paths_Device0>
			<Path_1/>
		</DSP_DB_Paths_Device0>
	</CheckDbVersion>
</config>

