<config>
	<Common>
		<DatabaseFileType>
			<Device0>
				<Comm>1</Comm>
				<App>1</App>
			</Device0>
			<Device1>
				<Comm>1</Comm>
				<App>1</App>
			</Device1>
			<Device2>
				<Comm>1</Comm>
				<App>1</App>
			</Device2>
			<Device4>
				<Comm>1</Comm>
				<App>1</App>
			</Device4>
			<Device3>
				<Comm>1</Comm>
				<App>1</App>
			</Device3>
		</DatabaseFileType>
		<IsOnline>false</IsOnline>
		<IsTTCN>false</IsTTCN>
		<CompilerOption>
			<CommChipset>
				<StructAlignment>0</StructAlignment>
				<EnumSize>0</EnumSize>
			</CommChipset>
			<AppChipset>
				<StructAlignment>0</StructAlignment>
				<EnumSize>2</EnumSize>
			</AppChipset>
		</CompilerOption>
	</Common>
	<UeConsole>
		<MaxCmdCount>8</MaxCmdCount>
		<ShowColumns>
			<UE_Time>8</UE_Time>
			<Device_ID>8</Device_ID>
			<Direction>8</Direction>
			<Index>8</Index>
			<Message_Contents>8</Message_Contents>
			<Device_Name>8</Device_Name>
		</ShowColumns>
		<DeviceID>1</DeviceID>
		<ScriptInterval>1000</ScriptInterval>
		<RecentInput>
			<Cmd1>AT+CFUN?</Cmd1>
			<Cmd2>AT</Cmd2>
			<Cmd3>AT+CFUN=0</Cmd3>
			<Cmd4>AT+CFUN=1</Cmd4>
			<Cmd5>ATE0</Cmd5>
			<Cmd6>ATE1</Cmd6>
		</RecentInput>
		<PredefinedInput>
			<Cmd1>AT</Cmd1>
			<Cmd2>ATE0</Cmd2>
			<Cmd3>ATE1</Cmd3>
			<Cmd4>AT+CFUN?</Cmd4>
			<Cmd5>AT+CFUN=0</Cmd5>
			<Cmd6>AT+CFUN=1</Cmd6>
		</PredefinedInput>
		<ADB_DeviceID>2</ADB_DeviceID>
		<ADB_ScriptInterval>1000</ADB_ScriptInterval>
		<ADB_RecentInput>
			<Cmd1>root</Cmd1>
			<Cmd2>remount</Cmd2>
		</ADB_RecentInput>
		<ADB_PredefinedInput>
			<Cmd1>root</Cmd1>
			<Cmd2>remount</Cmd2>
			<Cmd3>devices</Cmd3>
			<Cmd4>shell</Cmd4>
			<Cmd5>date</Cmd5>
			<Cmd6>exit</Cmd6>
		</ADB_PredefinedInput>
	</UeConsole>
	<LogViewer>
		<DeviceID>0</DeviceID>
		<GKI_Signal_Color>128</GKI_Signal_Color>
		<App_Side_Msg_Color>32768</App_Side_Msg_Color>
		<DeviceIDForFilterDlg>0</DeviceIDForFilterDlg>
		<Color_CSV_Device0>Diag_Color_Device0.csv</Color_CSV_Device0>
		<Color_CSV_Device1>Diag_Color_Device1.csv</Color_CSV_Device1>
		<Color_CSV_Device2/>
		<Color_CSV_Device3/>
		<Color_CSV_Device4/>
		<Color_CSV_Device5/>
		<Color_CSV_Device6/>
		<Color_CSV_Device7/>
		<SearchKeywords>
			<keyword_0/>
			<searchColumn>0</searchColumn>
			<bMatchCase>false</bMatchCase>
			<bMatchWholeWord>false</bMatchWholeWord>
			<bRegEX>false</bRegEX>
			<bListAllItems>false</bListAllItems>
			<bSelectInLogRange>false</bSelectInLogRange>
			<keyword_1/>
		</SearchKeywords>
		<DataFormat>
			<RawDataFor>0</RawDataFor>
			<RawDataPresentation>1</RawDataPresentation>
			<TimeStampFormat>2</TimeStampFormat>
			<RawMsgPresentation>0</RawMsgPresentation>
			<StrucruePresentaion>0</StrucruePresentaion>
			<LeadingZeros>true</LeadingZeros>
			<TimeStampTxtFormat>0</TimeStampTxtFormat>
		</DataFormat>
		<FontSize>17</FontSize>
		<Diag_Color_CSV/>
		<GKI_Color_CSV/>
		<DSP_Color_CSV/>
		<bOverwriteMsgColor>1</bOverwriteMsgColor>
	</LogViewer>
	<MiniViewer>
		<ATCommands>true</ATCommands>
		<ASN1Message>true</ASN1Message>
		<DIAGStatusMessage>true</DIAGStatusMessage>
		<RLCMessage>false</RLCMessage>
		<ReportLevel>5</ReportLevel>
		<GSMCIR>true</GSMCIR>
		<TDSNR>true</TDSNR>
		<CurrentDeviceID>
			<Diag>255</Diag>
			<RawData>255</RawData>
		</CurrentDeviceID>
		<InternalASN1Decoder>true</InternalASN1Decoder>
		<DiagSettingFileName>diag_setting.csv</DiagSettingFileName>
		<GkiSettingFileName>gki_setting.csv</GkiSettingFileName>
		<TaskNameFilter>15</TaskNameFilter>
		<UICCMessages>false</UICCMessages>
		<pluginName>MiniViewerDll_TargetNB.dll</pluginName>
		<CIMessage>false</CIMessage>
		<StatePane>
			<Height>0</Height>
			<AutoHide>false</AutoHide>
		</StatePane>
		<ExpPcapPath/>
		<UsingCPTimeStamp>false</UsingCPTimeStamp>
		<columnwidth Index="10" UETimeStamp="15" Data="49" Cell="10" SignalName="10" SFN="10" FrameNumber="10" PCTimeStamp="10" PhoneStatus="15"/>
		<ASN1WinPos X="0" Y="0"/>
	</MiniViewer>
	<Asn1Viewer>
		<Device_Filter>
			<Device_0>1</Device_0>
			<Device_1>1</Device_1>
			<Device_2>1</Device_2>
			<Device_3>1</Device_3>
			<Device_4>1</Device_4>
			<Device_5>1</Device_5>
			<Device_6>1</Device_6>
			<Device_7>1</Device_7>
		</Device_Filter>
		<ASN1_CSN1>
			<Show_ASN1>true</Show_ASN1>
			<Show_CSN1>true</Show_CSN1>
		</ASN1_CSN1>
	</Asn1Viewer>
	<columnwidth Index="9" UETimeStamp="10" Data="49" Cell="13" SignalName="10" SFN="16" FrameNumber="7" PCTimeStamp="9" PhoneStatus="20"/>
	<Logger>
		<ShowRangeSelThreshSizeInMB>50</ShowRangeSelThreshSizeInMB>
		<IsShowRangeSelNextTime>true</IsShowRangeSelNextTime>
		<ImportPath>C:\Documents and Settings\jiajiah\Desktop</ImportPath>
		<ShowAliveDatabaseOnly>false</ShowAliveDatabaseOnly>
		<NumOfSecondsAgoForDelUnzippedLog>86400</NumOfSecondsAgoForDelUnzippedLog>
	</Logger>
	<CATAudio>
		<CPMsgFlag>true</CPMsgFlag>
		<APMsgFlag>true</APMsgFlag>
		<CallStatusFlag>true</CallStatusFlag>
		<NetWorkFlag>false</NetWorkFlag>
		<VocoderFlag>false</VocoderFlag>
		<AudioDevFlag>false</AudioDevFlag>
	</CATAudio>
	<ChipLab>
		<Platform>PXA1920DKB</Platform>
	</ChipLab>
	<GraphViewer>
		<Plugin>
			<Filename>GraphPluginLWG.dll</Filename>
			<GraphPluginLWG.dll>1</GraphPluginLWG.dll>
			<AFC_dac>GraphPluginLWG.dll</AFC_dac>
			<AGC-Gain>GraphPluginLWG.dll</AGC-Gain>
			<AMPRValue>GraphPluginLWG.dll</AMPRValue>
			<BurstRssi>GraphPluginLWG.dll</BurstRssi>
			<CIR>GraphPluginLWG.dll</CIR>
			<ECIO>GraphPluginLWG.dll</ECIO>
			<EcN0>GraphPluginLWG.dll</EcN0>
			<FiValue>GraphPluginLWG.dll</FiValue>
			<FreqOffset_ppb>GraphPluginLWG.dll</FreqOffset_ppb>
			<GiValue>GraphPluginLWG.dll</GiValue>
			<HsCQI>GraphPluginLWG.dll</HsCQI>
			<HsDschReTrans>GraphPluginLWG.dll</HsDschReTrans>
			<HsModulation>GraphPluginLWG.dll</HsModulation>
			<HsScchAttempt>GraphPluginLWG.dll</HsScchAttempt>
			<HsScchSuccess>GraphPluginLWG.dll</HsScchSuccess>
			<HsTBSize>GraphPluginLWG.dll</HsTBSize>
			<LTE-ANT0-RSSI>GraphPluginLWG.dll</LTE-ANT0-RSSI>
			<LTE-ANT1-RSSI>GraphPluginLWG.dll</LTE-ANT1-RSSI>
			<LTE-APER-CQI-RptMode>GraphPluginLWG.dll</LTE-APER-CQI-RptMode>
			<LTE-AverDlPRB>GraphPluginLWG.dll</LTE-AverDlPRB>
			<LTE-AverUlMcs>GraphPluginLWG.dll</LTE-AverUlMcs>
			<LTE-AverUlPRB>GraphPluginLWG.dll</LTE-AverUlPRB>
			<LTE-BandWidth>GraphPluginLWG.dll</LTE-BandWidth>
			<LTE-CQI-TB0>GraphPluginLWG.dll</LTE-CQI-TB0>
			<LTE-CQI-TB1>GraphPluginLWG.dll</LTE-CQI-TB1>
			<LTE-DlBler>GraphPluginLWG.dll</LTE-DlBler>
			<LTE-DlThroughput>GraphPluginLWG.dll</LTE-DlThroughput>
			<LTE-DlTotalLen>GraphPluginLWG.dll</LTE-DlTotalLen>
			<LTE-MIMO-Ratio>GraphPluginLWG.dll</LTE-MIMO-Ratio>
			<LTE-NC-RSRP>GraphPluginLWG.dll</LTE-NC-RSRP>
			<LTE-NC-RSRQ>GraphPluginLWG.dll</LTE-NC-RSRQ>
			<LTE-NcEmph-RSRP-1st>GraphPluginLWG.dll</LTE-NcEmph-RSRP-1st>
			<LTE-NcEmph-RSRP-2nd>GraphPluginLWG.dll</LTE-NcEmph-RSRP-2nd>
			<LTE-NcEmph-RSRQ-1st>GraphPluginLWG.dll</LTE-NcEmph-RSRQ-1st>
			<LTE-NcEmph-RSRQ-2nd>GraphPluginLWG.dll</LTE-NcEmph-RSRQ-2nd>
			<LTE-NcInter-RSRP-1st>GraphPluginLWG.dll</LTE-NcInter-RSRP-1st>
			<LTE-NcInter-RSRP-2nd>GraphPluginLWG.dll</LTE-NcInter-RSRP-2nd>
			<LTE-NcInter-RSRP-3rd>GraphPluginLWG.dll</LTE-NcInter-RSRP-3rd>
			<LTE-NcInter-RSRQ-1st>GraphPluginLWG.dll</LTE-NcInter-RSRQ-1st>
			<LTE-NcInter-RSRQ-2nd>GraphPluginLWG.dll</LTE-NcInter-RSRQ-2nd>
			<LTE-NcInter-RSRQ-3rd>GraphPluginLWG.dll</LTE-NcInter-RSRQ-3rd>
			<LTE-NcIntra-RSRP-1st>GraphPluginLWG.dll</LTE-NcIntra-RSRP-1st>
			<LTE-NcIntra-RSRP-2nd>GraphPluginLWG.dll</LTE-NcIntra-RSRP-2nd>
			<LTE-NcIntra-RSRQ-1st>GraphPluginLWG.dll</LTE-NcIntra-RSRQ-1st>
			<LTE-NcIntra-RSRQ-2nd>GraphPluginLWG.dll</LTE-NcIntra-RSRQ-2nd>
			<LTE-PCI>GraphPluginLWG.dll</LTE-PCI>
			<LTE-PER-CQI-RptMode>GraphPluginLWG.dll</LTE-PER-CQI-RptMode>
			<LTE-PHY-PS-Score-GSM>GraphPluginLWG.dll</LTE-PHY-PS-Score-GSM>
			<LTE-PHY-PS-Score-LTE>GraphPluginLWG.dll</LTE-PHY-PS-Score-LTE>
			<LTE-PHY-PS-Score-WB>GraphPluginLWG.dll</LTE-PHY-PS-Score-WB>
			<LTE-PHY-SubStatus>GraphPluginLWG.dll</LTE-PHY-SubStatus>
			<LTE-PHY-SystemStatus>GraphPluginLWG.dll</LTE-PHY-SystemStatus>
			<LTE-PRACH-Power>GraphPluginLWG.dll</LTE-PRACH-Power>
			<LTE-PUCCH-Power>GraphPluginLWG.dll</LTE-PUCCH-Power>
			<LTE-PUSCH-Power>GraphPluginLWG.dll</LTE-PUSCH-Power>
			<LTE-RankIndex>GraphPluginLWG.dll</LTE-RankIndex>
			<LTE-SC-RSRP>GraphPluginLWG.dll</LTE-SC-RSRP>
			<LTE-SC-RSRQ>GraphPluginLWG.dll</LTE-SC-RSRQ>
			<LTE-SC-SINR>GraphPluginLWG.dll</LTE-SC-SINR>
			<LTE-SNR>GraphPluginLWG.dll</LTE-SNR>
			<LTE-SecondarySC-RSRP>GraphPluginLWG.dll</LTE-SecondarySC-RSRP>
			<LTE-SecondarySC-RSRQ>GraphPluginLWG.dll</LTE-SecondarySC-RSRQ>
			<LTE-TB0-AverDlMcs>GraphPluginLWG.dll</LTE-TB0-AverDlMcs>
			<LTE-TB0-ErrorNum>GraphPluginLWG.dll</LTE-TB0-ErrorNum>
			<LTE-TB0-GrantNum>GraphPluginLWG.dll</LTE-TB0-GrantNum>
			<LTE-TB1-AverDlMcs>GraphPluginLWG.dll</LTE-TB1-AverDlMcs>
			<LTE-TB1-ErrorNum>GraphPluginLWG.dll</LTE-TB1-ErrorNum>
			<LTE-TB1-GrantNum>GraphPluginLWG.dll</LTE-TB1-GrantNum>
			<LTE-TransMode>GraphPluginLWG.dll</LTE-TransMode>
			<LTE-TxAntNum>GraphPluginLWG.dll</LTE-TxAntNum>
			<LTE-UPlane-dlDataTotalLen>GraphPluginLWG.dll</LTE-UPlane-dlDataTotalLen>
			<LTE-UPlane-dlPaddingTotalLen>GraphPluginLWG.dll</LTE-UPlane-dlPaddingTotalLen>
			<LTE-UPlane-dlPduTotalLen>GraphPluginLWG.dll</LTE-UPlane-dlPduTotalLen>
			<LTE-UPlane-ulGrantTotalLen>GraphPluginLWG.dll</LTE-UPlane-ulGrantTotalLen>
			<LTE-UPlane-ulPaddingTotalLen>GraphPluginLWG.dll</LTE-UPlane-ulPaddingTotalLen>
			<LTE-UPlane-ulSduTotalLen>GraphPluginLWG.dll</LTE-UPlane-ulSduTotalLen>
			<LTE-UlBler>GraphPluginLWG.dll</LTE-UlBler>
			<LTE-UlDatalenTotal>GraphPluginLWG.dll</LTE-UlDatalenTotal>
			<LTE-UlGrantCount>GraphPluginLWG.dll</LTE-UlGrantCount>
			<LTE-UlGrantNum>GraphPluginLWG.dll</LTE-UlGrantNum>
			<LTE-UlThroughput>GraphPluginLWG.dll</LTE-UlThroughput>
			<LTE-ack2NackNum-Primary>GraphPluginLWG.dll</LTE-ack2NackNum-Primary>
			<LTE-ack2NackNum-Secondary>GraphPluginLWG.dll</LTE-ack2NackNum-Secondary>
			<LTE-agcGainPriTmp>GraphPluginLWG.dll</LTE-agcGainPriTmp>
			<LTE-agcGainSecTmp>GraphPluginLWG.dll</LTE-agcGainSecTmp>
			<LTE-currFi>GraphPluginLWG.dll</LTE-currFi>
			<LTE-currGi>GraphPluginLWG.dll</LTE-currGi>
			<LTE-rsrpA0dBm>GraphPluginLWG.dll</LTE-rsrpA0dBm>
			<LTE-rsrpA1dBm>GraphPluginLWG.dll</LTE-rsrpA1dBm>
			<MBSFN_BLER>GraphPluginLWG.dll</MBSFN_BLER>
			<MPRValue>GraphPluginLWG.dll</MPRValue>
			<MSI_CorrectRecv>GraphPluginLWG.dll</MSI_CorrectRecv>
			<MSI_Punctured>GraphPluginLWG.dll</MSI_Punctured>
			<MSI_RecvNum>GraphPluginLWG.dll</MSI_RecvNum>
			<MSI_SchdNum>GraphPluginLWG.dll</MSI_SchdNum>
			<MSI_WronglyRecv>GraphPluginLWG.dll</MSI_WronglyRecv>
			<MTCH_CorrectRecv>GraphPluginLWG.dll</MTCH_CorrectRecv>
			<MTCH_Punctured>GraphPluginLWG.dll</MTCH_Punctured>
			<MTCH_RecvNum>GraphPluginLWG.dll</MTCH_RecvNum>
			<MTCH_SchdNum>GraphPluginLWG.dll</MTCH_SchdNum>
			<MTCH_WronglyRecv>GraphPluginLWG.dll</MTCH_WronglyRecv>
			<MbsfnThroughput>GraphPluginLWG.dll</MbsfnThroughput>
			<Mode>GraphPluginLWG.dll</Mode>
			<PCL-cs>GraphPluginLWG.dll</PCL-cs>
			<PHR>GraphPluginLWG.dll</PHR>
			<RQ-cs>GraphPluginLWG.dll</RQ-cs>
			<RSCP_NCell>GraphPluginLWG.dll</RSCP_NCell>
			<RSCP_SCell>GraphPluginLWG.dll</RSCP_SCell>
			<RSSI-Idle>GraphPluginLWG.dll</RSSI-Idle>
			<RSSI-cs>GraphPluginLWG.dll</RSSI-cs>
			<RSSI-ptm>GraphPluginLWG.dll</RSSI-ptm>
			<RSSI_NCell>GraphPluginLWG.dll</RSSI_NCell>
			<RSSI_SCell>GraphPluginLWG.dll</RSSI_SCell>
			<RecvDataLen>GraphPluginLWG.dll</RecvDataLen>
			<RxThroughput>GraphPluginLWG.dll</RxThroughput>
			<SNR>GraphPluginLWG.dll</SNR>
			<TA-cs>GraphPluginLWG.dll</TA-cs>
			<TD-NC-RSCP>GraphPluginLWG.dll</TD-NC-RSCP>
			<TT>GraphPluginLWG.dll</TT>
			<TX_Throughput>GraphPluginLWG.dll</TX_Throughput>
			<TxPowerPusSrs>GraphPluginLWG.dll</TxPowerPusSrs>
			<UMTS-URLC-PDU-DlThroughput>GraphPluginLWG.dll</UMTS-URLC-PDU-DlThroughput>
			<UMTS-URLC-PDU-UlThroughput>GraphPluginLWG.dll</UMTS-URLC-PDU-UlThroughput>
			<UMTS-URLC-SDU-DlThroughput>GraphPluginLWG.dll</UMTS-URLC-SDU-DlThroughput>
			<UMTS-URLC-SDU-UlThroughput>GraphPluginLWG.dll</UMTS-URLC-SDU-UlThroughput>
			<WB-FreqOffset>GraphPluginLWG.dll</WB-FreqOffset>
			<WB-HsBLER>GraphPluginLWG.dll</WB-HsBLER>
			<WB-HsBLER-Primary>GraphPluginLWG.dll</WB-HsBLER-Primary>
			<WB-HsBLER-Secondary>GraphPluginLWG.dll</WB-HsBLER-Secondary>
			<WB-HsCQI-Primary-Max>GraphPluginLWG.dll</WB-HsCQI-Primary-Max>
			<WB-HsCQI-Primary-Min>GraphPluginLWG.dll</WB-HsCQI-Primary-Min>
			<WB-HsCQI-Secondary-Max>GraphPluginLWG.dll</WB-HsCQI-Secondary-Max>
			<WB-HsCQI-Secondary-Min>GraphPluginLWG.dll</WB-HsCQI-Secondary-Min>
			<WB-HsCQISNR-Primary-Max>GraphPluginLWG.dll</WB-HsCQISNR-Primary-Max>
			<WB-HsCQISNR-Primary-Min>GraphPluginLWG.dll</WB-HsCQISNR-Primary-Min>
			<WB-HsCQISNR-Secondary-Max>GraphPluginLWG.dll</WB-HsCQISNR-Secondary-Max>
			<WB-HsCQISNR-Secondary-Min>GraphPluginLWG.dll</WB-HsCQISNR-Secondary-Min>
			<WB-HsDlThroughput>GraphPluginLWG.dll</WB-HsDlThroughput>
			<WB-HsDlThroughput-Primary>GraphPluginLWG.dll</WB-HsDlThroughput-Primary>
			<WB-HsDlThroughput-Secondary>GraphPluginLWG.dll</WB-HsDlThroughput-Secondary>
			<WB-HsS2SBSNR-Primary-Max>GraphPluginLWG.dll</WB-HsS2SBSNR-Primary-Max>
			<WB-HsS2SBSNR-Primary-Min>GraphPluginLWG.dll</WB-HsS2SBSNR-Primary-Min>
			<WB-HsS2SBSNR-Secondary-Max>GraphPluginLWG.dll</WB-HsS2SBSNR-Secondary-Max>
			<WB-HsS2SBSNR-Secondary-Min>GraphPluginLWG.dll</WB-HsS2SBSNR-Secondary-Min>
			<WB-HsTBSize>GraphPluginLWG.dll</WB-HsTBSize>
			<WB-NC-EcNo>GraphPluginLWG.dll</WB-NC-EcNo>
			<WB-TxPower>GraphPluginLWG.dll</WB-TxPower>
		</Plugin>
		<Options>
			<General>
				<MaxPointCount>100000</MaxPointCount>
				<UEResetThresh>1000</UEResetThresh>
				<TimeGobackOperation>None</TimeGobackOperation>
			</General>
			<ActivePageIndex>1</ActivePageIndex>
		</Options>
	</GraphViewer>
	<Workspace>
		<TabbedView>
			<Alignment>1</Alignment>
			<Group0>
				<Tab0 Name="LogViewer">false</Tab0>
				<Tab1 Name="MiniViewer">false</Tab1>
			</Group0>
			<Group1>
				<Tab0 Name="GraphViewer">
					<DeviceID>0</DeviceID>
					<Dimension Row="1" Col="1"/>
					<Charts>
						<row0>
							<col0>
								<Legend IsDocked="false" IsHorizontal="false"/>
								<Series/>
							</col0>
						</row0>
					</Charts>
				</Tab0>
			</Group1>
		</TabbedView>
		<DockablePane>false</DockablePane>
	</Workspace>
</config>

