<config>
	<Common>
		<IsOnline>true</IsOnline>
		<IsTTCN>false</IsTTCN>
		<PortNum>32122</PortNum>
		<ExeModule>
			<SDLTool>
				<config_file/>
			</SDLTool>
			<ExportLog>
				<config_file>ExportLog.ini</config_file>
			</ExportLog>
		</ExeModule>
		<CompilerOption>
			<CommChipset>
				<StructAlignment>0</StructAlignment>
				<EnumSize>0</EnumSize>
			</CommChipset>
			<AppChipset>
				<StructAlignment>0</StructAlignment>
				<EnumSize>2</EnumSize>
			</AppChipset>
		</CompilerOption>
	</Common>
	<UeConsole>
		<MaxCmdCount>8</MaxCmdCount>
		<ShowColumns>
			<UE_Time>8</UE_Time>
			<Device_ID>8</Device_ID>
			<Direction>8</Direction>
			<Index>8</Index>
			<Message_Contents>8</Message_Contents>
			<Device_Name>8</Device_Name>
		</ShowColumns>
		<DeviceID>1</DeviceID>
		<ScriptInterval>1000</ScriptInterval>
		<RecentInput>
			<Cmd1>AT+CFUN?</Cmd1>
			<Cmd2>AT</Cmd2>
			<Cmd3>AT+CFUN=0</Cmd3>
			<Cmd4>AT+CFUN=1</Cmd4>
			<Cmd5>ATE0</Cmd5>
			<Cmd6>ATE1</Cmd6>
		</RecentInput>
		<PredefinedInput>
			<Cmd1>AT</Cmd1>
			<Cmd2>ATE0</Cmd2>
			<Cmd3>ATE1</Cmd3>
			<Cmd4>AT+CFUN?</Cmd4>
			<Cmd5>AT+CFUN=0</Cmd5>
			<Cmd6>AT+CFUN=1</Cmd6>
		</PredefinedInput>
		<ADB_DeviceID>2</ADB_DeviceID>
		<ADB_ScriptInterval>1000</ADB_ScriptInterval>
		<ADB_RecentInput>
			<Cmd1>root</Cmd1>
			<Cmd2>remount</Cmd2>
		</ADB_RecentInput>
		<ADB_PredefinedInput>
			<Cmd1>root</Cmd1>
			<Cmd2>remount</Cmd2>
			<Cmd3>devices</Cmd3>
			<Cmd4>shell</Cmd4>
			<Cmd5>date</Cmd5>
			<Cmd6>exit</Cmd6>
		</ADB_PredefinedInput>
	</UeConsole>
	<LogViewer>
		<DeviceID>0</DeviceID>
		<GKI_Signal_Color>128</GKI_Signal_Color>
		<App_Side_Msg_Color>32768</App_Side_Msg_Color>
		<DeviceIDForFilterDlg>0</DeviceIDForFilterDlg>
		<Color_CSV_Device0>Diag_Color_Device0.csv</Color_CSV_Device0>
		<Color_CSV_Device1>Diag_Color_Device1.csv</Color_CSV_Device1>
		<Color_CSV_Device2/>
		<Color_CSV_Device3/>
		<Color_CSV_Device4/>
		<Color_CSV_Device5/>
		<Color_CSV_Device6/>
		<Color_CSV_Device7/>
		<SearchKeywords>
			<keyword_0/>
			<searchColumn>0</searchColumn>
			<bMatchCase>false</bMatchCase>
			<bMatchWholeWord>false</bMatchWholeWord>
			<bRegEX>false</bRegEX>
			<bListAllItems>false</bListAllItems>
			<bSelectInLogRange>false</bSelectInLogRange>
			<keyword_1/>
		</SearchKeywords>
		<DataFormat>
			<RawDataFor>0</RawDataFor>
			<RawDataPresentation>1</RawDataPresentation>
			<TimeStampFormat>2</TimeStampFormat>
			<RawMsgPresentation>0</RawMsgPresentation>
			<StrucruePresentaion>0</StrucruePresentaion>
			<LeadingZeros>true</LeadingZeros>
			<TimeStampTxtFormat>0</TimeStampTxtFormat>
		</DataFormat>
		<FontSize>17</FontSize>
		<Diag_Color_CSV/>
		<GKI_Color_CSV/>
		<DSP_Color_CSV/>
		<bOverwriteMsgColor>1</bOverwriteMsgColor>
	</LogViewer>
	<FlashExplorer>
		<TargetType>0</TargetType>
		<DeviceNumber>0</DeviceNumber>
		<DefaultPathInApSide>/marvell/Linux/Marvell/NVM</DefaultPathInApSide>
		<DKB>1</DKB>
	</FlashExplorer>
	<MiniViewer>
		<ATCommands>true</ATCommands>
		<ASN1Message>true</ASN1Message>
		<DIAGStatusMessage>false</DIAGStatusMessage>
		<RLCMessage>false</RLCMessage>
		<ReportLevel>3</ReportLevel>
		<GSMCIR>false</GSMCIR>
		<TDSNR>false</TDSNR>
		<CurrentDeviceID>
			<Diag>255</Diag>
			<RawData>255</RawData>
		</CurrentDeviceID>
		<InternalASN1Decoder>true</InternalASN1Decoder>
		<DiagSettingFileName>diag_setting.csv</DiagSettingFileName>
		<GkiSettingFileName>gki_setting.csv</GkiSettingFileName>
		<TaskNameFilter>15</TaskNameFilter>
		<UICCMessages>false</UICCMessages>
		<pluginName>MiniViewerDll_TargetNB.dll</pluginName>
		<columnwidth Index="10" UETimeStamp="15" Data="24" Cell="10" SignalName="23" SFN="10" FrameNumber="10" PCTimeStamp="10" PhoneStatus="15"/>
	</MiniViewer>
	<Logger>
		<LogNameRule>0</LogNameRule>
		<MaxFilesizeInMB>200</MaxFilesizeInMB>
		<MinFreeDiskSpace>2500</MinFreeDiskSpace>
		<DiskFullOperation>0</DiskFullOperation>
		<ShowAliveDatabaseOnly>false</ShowAliveDatabaseOnly>
		<RemoveOldestWhenDiskFull>true</RemoveOldestWhenDiskFull>
		<UeAutoUpdateDir>/NVM/mdb/</UeAutoUpdateDir>
		<LogPath/>
		<NumOfHoursAgoForDelLog>168</NumOfHoursAgoForDelLog>
		<AutoRepaireLogFile>false</AutoRepaireLogFile>
	</Logger>
	<DevComm>
		<Device_0_Settings>
			<Enabled>1</Enabled>
			<ProtocolType>Diag</ProtocolType>
			<CommunicationType>USB</CommunicationType>
			<AutoDetect>1</AutoDetect>
			<USBName>Marvell DIAG USB Device</USBName>
			<USBRecognitionString/>
			<SavedUSBNames>Marvell DIAG USB Device,</SavedUSBNames>
			<COMName/>
			<COMNumber>0</COMNumber>
			<BaudRate>115200</BaudRate>
			<SavedCOMNames/>
			<IPAddress>127.0.0.1</IPAddress>
			<PortNumber>32122</PortNumber>
			<DriverName>MDiagUSB</DriverName>
			<DumpRecvData>0</DumpRecvData>
			<ReliableSerial>0</ReliableSerial>
			<SplitLineSerial>1</SplitLineSerial>
			<ADBSerialNum/>
		</Device_0_Settings>
		<Device_1_Settings>
			<Enabled>0</Enabled>
			<ProtocolType>RawData</ProtocolType>
			<CommunicationType>Serial</CommunicationType>
			<AutoDetect>0</AutoDetect>
			<USBName/>
			<USBRecognitionString/>
			<SavedUSBNames/>
			<COMName>Marvell Modem Device</COMName>
			<COMNumber>129</COMNumber>
			<BaudRate>115200</BaudRate>
			<SavedCOMNames/>
			<IPAddress>127.0.0.1</IPAddress>
			<PortNumber>32122</PortNumber>
			<DriverName>MUSBSer</DriverName>
			<DumpRecvData>0</DumpRecvData>
			<ReliableSerial>0</ReliableSerial>
			<SplitLineSerial>1</SplitLineSerial>
			<ADBSerialNum/>
		</Device_1_Settings>
		<Device_2_Settings>
			<Enabled>0</Enabled>
			<ProtocolType>AdbData</ProtocolType>
			<CommunicationType>USB</CommunicationType>
			<AutoDetect>1</AutoDetect>
			<USBName>Marvell ADB</USBName>
			<USBRecognitionString/>
			<SavedUSBNames>Marvell ADB,</SavedUSBNames>
			<COMName/>
			<COMNumber>0</COMNumber>
			<BaudRate>0</BaudRate>
			<SavedCOMNames/>
			<IPAddress/>
			<PortNumber>32122</PortNumber>
			<DriverName>WinUSB</DriverName>
			<DumpRecvData>0</DumpRecvData>
			<ReliableSerial>0</ReliableSerial>
			<SplitLineSerial>1</SplitLineSerial>
			<ADBSerialNum>0123456789ABCDEF</ADBSerialNum>
		</Device_2_Settings>
		<Device_3_Settings>
			<Enabled>0</Enabled>
			<ProtocolType>Diag</ProtocolType>
			<CommunicationType>USB</CommunicationType>
			<AutoDetect>0</AutoDetect>
			<USBName/>
			<USBRecognitionString/>
			<SavedUSBNames/>
			<COMName/>
			<COMNumber>0</COMNumber>
			<BaudRate>0</BaudRate>
			<SavedCOMNames/>
			<IPAddress/>
			<PortNumber>32122</PortNumber>
		</Device_3_Settings>
		<Device_4_Settings>
			<Enabled>0</Enabled>
			<ProtocolType>Diag</ProtocolType>
			<CommunicationType>USB</CommunicationType>
			<AutoDetect>0</AutoDetect>
			<USBName/>
			<USBRecognitionString/>
			<SavedUSBNames/>
			<COMName/>
			<COMNumber>0</COMNumber>
			<BaudRate>0</BaudRate>
			<SavedCOMNames/>
			<IPAddress/>
			<PortNumber>32122</PortNumber>
		</Device_4_Settings>
	</DevComm>
	<DevCommSettings>
		<USBDriverName>mdiagusb</USBDriverName>
		<SerialDriverName>USBSer</SerialDriverName>
	</DevCommSettings>
	<CommandConsole>
		<DiagDeviceID>0</DiagDeviceID>
		<ModemDeviceID>1</ModemDeviceID>
		<ATCMD>
			<String1>AT</String1>
			<String2>ATD 049091802</String2>
			<String3>ATA</String3>
			<String4>+++</String4>
			<String5>ATP</String5>
			<String6>ATT</String6>
			<String7>ATI</String7>
			<String8>ATZ</String8>
			<String9>AT&amp;V</String9>
			<String10>AT+GMM</String10>
			<String11>AT+GSN</String11>
			<String12>ATE</String12>
			<String13>AT&amp;K</String13>
			<String14>AT+CMGF=1</String14>
			<String15>AT+CMGS=1234</String15>
			<String16>AT+CMGL=ALL</String16>
			<String17>AT+CMGL=REC UNREAD</String17>
			<String18>AT+CMGR=1</String18>
			<String19>AT+CHSN=2,0,0,0</String19>
			<String20/>
		</ATCMD>
	</CommandConsole>
	<CATAudio>
		<CPMsgFlag>false</CPMsgFlag>
		<APMsgFlag>false</APMsgFlag>
		<CallStatusFlag>true</CallStatusFlag>
		<NetWorkFlag>false</NetWorkFlag>
		<VocoderFlag>false</VocoderFlag>
		<AudioDevFlag>false</AudioDevFlag>
	</CATAudio>
	<ChipLab>
		<Platform>PXA1920DKB</Platform>
	</ChipLab>
	<GraphViewer>
		<Plugin>
			<Filename>GraphPluginLWG.dll</Filename>
			<GraphPluginLWG.dll>1</GraphPluginLWG.dll>
		</Plugin>
		<Options>
			<General>
				<MaxPointCount>100000</MaxPointCount>
				<UEResetThresh>1000</UEResetThresh>
				<TimeGobackOperation>None</TimeGobackOperation>
			</General>
			<ActivePageIndex>1</ActivePageIndex>
		</Options>
	</GraphViewer>
	<Workspace>
		<TabbedView>
			<Alignment>1</Alignment>
			<Group0>
				<Tab0 Name="LogViewer">false</Tab0>
				<Tab1 Name="MiniViewer">false</Tab1>
			</Group0>
			<Group1>
				<Tab0 Name="GraphViewer">
					<DeviceID>-1</DeviceID>
					<Dimension Row="1" Col="1"/>
					<Charts>
						<row0>
							<col0>
								<Legend IsDocked="false" IsHorizontal="false"/>
								<Series/>
							</col0>
						</row0>
					</Charts>
				</Tab0>
			</Group1>
		</TabbedView>
		<DockablePane>false</DockablePane>
	</Workspace>
</config>

